bron,match
Conduire, J'ai prévenu le préfet lorsque j'ai constaté des entorses aux normes qui pouvaient conduire à des incendies mais manifestement et contre le droit rien n'y fait. 
Conduire," La douane vous remettra ensuite, un exemplaire de la déclaration et, le certificat d'immatriculation sera barré d'un trait en diagonale et, sera revêtu de la mention « véhicule exporté le...par le bureau de douane de... », authentifié par le cachet du bureau (voir rubrique ""permis de conduire à l'étranger""). "
Conduire," Conduire n'est pas vraiment un plaisir, pour moi, sauf dans des circonstances exceptionnelles (genre petite route touristique). "
Conduire, Le faire peut vous conduire à être banni immédiatement de façon permanente. 
Conduire," Il y a une ligne que je ne suis pas disposé à franchir, celle qui incombe à chaque individu d'assumer son rôle de citoyen et d'élever la voix pour dénoncer les écarts de conduire dans la communauté. "
Conduire," Notaires, autocars ou permis de conduire : sénateurs et députés ont échoué mercredi à trouver un accord sur le projet de loi Macron qui revient dès lundi... "
Conduire," Notaires, autocars ou permis de conduire : sénateurs et députés ont échoué mercredi à trouver un accord sur le projet de loi Macron qui revient dès lundi en commission à l'Assemblée et qui pourrait encore être complété par le gouvernement. "
Conduire," Parmi ceux-ci, les restrictions apportées par le Sénat à la libéralisation du transport par autocar, à la réforme du permis de conduire ou encore à la plus grande liberté d'installation et tarifaire des professions juridiques réglementées (notaires, huissiers...). "
Conduire," Un premier échange a eu lieu mardi au groupe où M. Macron a dit vouloir ""conserver l'ambition et l'équilibre du texte"". ""La reprise ne se fera pas par des mesures ultra-libérales caricaturales ni par de l'immobilisme mais par des réformes concrètes, comme les autocars ou le permis de conduire , et des réformes en profondeur comme les prud'hommes ou l'actionnariat salarié"", leur a-t-il déclaré. "
Conduire," La seconde : ce col est beau, et , moi qui n'aime pas vraiment conduire , j'adore enchainer ses virages ! "
Conduire," Dans le Doubs, la mairie aide des jeunes à financer leur permis de conduire en échange de travaux de jardinage ou de peinture dans la commune. "
Conduire, Mise en œuvre de l'initiative parlementaire 15.456 Reimann du 18 juin 2015 «Relever l'examen de contrôle périodique effectué par un médecin-conseil de 70 à 75 ans pour les conducteurs âgés» Autorité: Commission parlementaire La loi fédérale sur la circulation routière (LCR) est modifiée de telle sorte que les titulaires de permis de conduire de catégories non professionnelles doivent se soumettre tous les deux ans à un examen relevant de la médecine du trafic seulement à partir de 75 ans et non plus dès 70 ans comme c'est le cas aujourd'hui. 
Conduire," Les réponses aux Lineamenta recommandent d'expliciter le lien théologique qui existe entre Baptême et Eucharistie comme sommet de l'initiation, même si cela ne doit pas conduire nécessairement à toujours célébrer le Baptême durant la Messe. "
Conduire," Comme de nombreuses réponses le font remarquer, il semble quelquefois que, dans la liturgie, certains agissent comme animateurs devant attirer l'attention du public sur leur propre personne, plutôt qu'en serviteurs du Christ appelés à conduire les fidèles à s'unir à Lui. [64] Bien évidemment tout cela a une répercussion négative sur le peuple et risque ainsi de troubler sa compréhension et sa foi dans la présence réelle du Christ dans le sacrement. "
Conduire," Il faut être attentifs à l' ars celebrandi , afin de conduire les fidèles au culte authentique, à la révérence et à l'adoration. "
Conduire," Plusieurs réponses aux Lineamenta concernent le thème de la mystagogie, la comprenant comme une introduction au Mystère de la présence du Seigneur et mettant en relief qu'il faut aujourd'hui conduire l'homme à se rapprocher de Dieu, du fait qu'il vit dans un milieu où l'existence du Mystère semble être niée. "
Conduire," En effet, quel sens cela pourrait-il avoir d'annoncer l'Évangile, sinon pour conduire chaque homme à la communion avec le Christ et avec ses frères, communion dont la Sainte Messe, anticipation du Banquet éternel, est l'expression liturgique sacramentelle la plus grande ? "
Conduire," Pour conduire les Chinois vers le catholicisme, ils décidèrent de gagner leur confiance en les épatant avec les connaissances astronomiques, scientifiques et techniques occidentales les plus avancées de leur époque, domaine où l'Occident l'emportait sur l'Orient. "
Conduire," Comme la connaissance des étoiles avait jadis guidés les mages d'Orient vers Bethléem et les jeta en adoration devant l'enfant divin, ainsi l'astronomie guidera les peuples de Chine pour les conduire devant l'autel du vrai Dieu ! "
Conduire," Pour Connor, c'est le début d'une odyssée aussi hilarante que révélatrice qui va le conduire vers une vérité qu'il n'imaginait pas... "
Conduire, Elle avait été envoyée pour conduire Link au Grand Mojo. 
Conduire," Inversement, une baisse du taux de salaire horaire peut conduire à une baisse de l'offre de travail mais elle peut également conduire à une hausse si les salariés sont si pauvres qu'ils doivent compenser la baisse du taux de salaire par plus travail afin de conserver un niveau de vie acceptable. "
Conduire," Stathis Kouvelakis, membre du comité central de Syriza et professeur de philosophie politique au King's College de Londres, explique dans une longue interview que continuer dans la voie empruntée par le parti d'Alexis Tsipras ne peut conduire qu'à l'échec. ""Le gouvernement Syriza n'aura pas d'autre choix que (...) Lire la suite, les commentaires... "
Conduire," Il commençait à se faire tard, il était près de 22 h et il se sentait trop fatigué pour conduire plus longtemps. "
Conduire, On établit sur la douve des fossés de la ville un chemin pour conduire de la porte du Temple à la porte Chantepinot. 
Conduire," En ce siècle où l'homme s'acharne à détruire d'innombrables formes vivantes, après tant de sociétés dont la richesse et la diversité constituaient de temps immémorial le plus clair de son patrimoine, jamais, sans doute, il n'a été plus nécessaire de dire, comme font les mythes, qu'un humanisme bien ordonné ne commence pas par soi-même, mais place le monde avant la vie, la vie avant l'homme, le respect des autres êtres avant l'amour-propre ; et que même un séjour d'un ou deux millions d'années sur cette terre, puisque de toute façon il connaîtra un terme, ne saurait servir d'excuse à une espèce quelconque, fût-ce la nôtre, pour se l'approprier comme une chose et s'y conduire sans pudeur ni discrétion."" "
Conduire, Elle est réquisitionnée par les allemands qui l'utilisent pour conduire à Thiers un malade et deux blessés. 
Conduire, Celui-ci commence lorsque l'entraîneur est effectivement présent dans la salleÂ : il importe donc que les parents qui viennent conduire les jeunes s'assurent de sa présence. 
Conduire," Il est le bon pasteur, qui donne sa vie pour ses brebis ... L'Église dans son ensemble, et les Pasteurs en son sein, doivent, comme le Christ, se mettre en route, pour conduire les hommes hors du désert, vers le lieu de la vie, vers l'amitié avec le Fils de Dieu, vers Celui qui nous donne la vie, la vie en plénitude. » C'est la merveille de la Révélation chrétienne : « Dieu est amour », et ce même amour anime l'Église et la pousse au large des cultures : Duc in altum. "
Conduire," L'Église, aujourd'hui comme hier, va à la recherche de l'homme pour le conduire à Dieu, et cette recherche « naît au cœur même de Dieu »[6]. "
Conduire," Cliquez sur le lien ""+ d'info"" pour connaître les implications réglementaires de chacun des choix et les démarches à conduire . "
Conduire," Des échanges, parfois vifs, avec le président de l'INRA, sont sorties quelques propositions pour améliorer la compréhension réciproque et développer la recherche sur la bio et la capitalisation des résultats : • Travailler sur un projet de laboratoire vivant sur la bio : identifier un territoire sur lequel l'ensemble des acteurs, producteurs, chercheurs, consommateurs, etc., travailleraient sur le développement des innovations de la bio; • Suivre la mobilisation de moyens financiers pour conduire des travaux de recherche en cours sur les aménités de la bio (étude pilotée par l'ITAB et mobilisant des chercheurs de l'INRA) ; • Travailler sur un projet de MOOC (cours en ligne) sur l'AB : à noter qu'un projet est déjà en cours dans le réseau Formabio et un autre est travaillé par l'institut agronomique, vétérinaire et forestier français (IAVFF) ; • Renforcer nos liens avec les écoles d'agronomie sur la place de la bio dans les cursus et dans les laboratoires de recherche de ces établissements; • Une prochaine rencontre d'ici deux à trois mois sur la stratégie de l'INRA. "
Conduire," Quelle tragédie a pu conduire à son internement, à seize ans à peine ? "
Conduire," Compétences : Baratin, Chanter, Conduire Automobile, Français, Fusil de Chasse, Grec, Latin, Monter à Cheval, Photographie, Piloter Avion. "
Conduire, Il était également positif aux stupéfiants et roulait alors qu'il n'avait visiblement plus de point sur son permis de conduire . 
Conduire," Bien qu'il fût encore tôt, le ciel était noir d'encre quand Marraine George appela un taxi pour me conduire au Lamentin. "
Conduire," Pendant dix jours que je passai à Malte à attendre le bateau à vapeur qui devait me conduire en Grèce, j'employais mon temps à courir dans l'île sur de jolis petits chevaux arabes que l'on loue dans la ville à très bon compte. "
Conduire," L'intérieur de la voiture Audi Avatar est ultra futuriste, avec la possibilité de conduire avec un « joystick ». "
Conduire," Chaque acteur public en a sa propre représentation qui, combinée à sa conception de l'intérêt général, génère des concurrences institutionnelles, des divergences sur le fond même des politiques à conduire , des antagonismes. "
Conduire, Le mâle chantant lui barre alors le passage et essaie de la conduire à un autre site. 
Conduire," Une quinzaine d'enfants montaient chaque jour à l'école au village, les femmes se rendaient au lavoir, il fallait conduire les vaches au pré... Donc Rosalie décida que la maison qu'elle habitait était trop petite, très mal placée et qu'il était temps d'investir les économies, c'est à dire l'argent économisé pièce à pièce grâce à la culture du tabac, dans une nouvelle maison, plus grande, et surtout LOIN de l'agitation insupportable du monde. "
Conduire, Le hasard va les conduire chez cette dernière. 
Conduire," Le rapporteur général, chargé de lancer, conduire et synthétise les débats, sera le cardinal Angelo Scola, patriarche de Venise, et un Français, Mgr Roland Minnerath (1), archevêque de Dijon, sera secrétaire spécial du synode : il devra préparer les documents, fournir éventuellement des informations, et rédiger les conclusions. "
Conduire," Le père Mounier, en acceptant de conduire ces doubles funérailles avait eu un petit mot maladroit : "" c'est la première fois que je vais célébrer un enterrement avec un cercueil vide "", avait-il constaté. "
Conduire," J'étudie le droit et le protocole est que s'ils croient qu'un suspect a avalé quelque chose, il faut le conduire à l'hôpital. "
Conduire," Révision des prescriptions relatives au permis de conduire Autorité: Conseil fédéral Dans le cadre du projet «Optimisation de la formation à la conduite (OPERA-3) et assurance qualité des cours de premiers secours», il est prévu de débattre des mesures d'optimisation de la formation initiale et complémentaire à la conduite, et de la reprise autonome de dispositions de la directive 2006/126/CE du Parlement européen et du Conseil du 20 décembre 2006 relative au permis de conduire («3ème directive relative au permis de conduire»). "
Conduire," Révision des prescriptions relatives au permis de conduire Autorité: Conseil fédéral Dans le cadre du projet «Optimisation de la formation à la conduite (OPERA-3) et assurance qualité des cours de premiers secours», il est prévu de débattre des mesures d'optimisation de la formation initiale et complémentaire à la conduite, et de la reprise autonome de dispositions de la directive 2006/126/CE du Parlement européen et du Conseil du 20 décembre 2006 relative au permis de conduire («3ème directive relative au permis de conduire »). "
Conduire," Les propositions concernent l'ensemble de la formation initiale et complémentaire, les examens de conduite, les catégories de permis de conduire et les experts de la circulation. "
Conduire," Que ce soit pour conduire un deux roues ou pour passer le permis de conduire, il faut avoir le code de la route. "
Conduire," Que ce soit pour conduire un deux roues ou pour passer le permis de conduire , il faut avoir le code de la route. "
Conduire, J'aime mieux mourir que de vous conduire à la damnation éternelle ! 
Conduire," Quittez l'armée, je vous ferai conduire à mon château de la Roche-Brûlée, et je vous y rejoindrai avant huit jours, car le conseil des chefs s'obstine à passer la Loire et à déplacer le siége de la guerre. "
Conduire," Cadio, voulez-vous me conduire à Pont-Vieux ? "
Conduire," J'ai à conduire mes gens à l'assaut d'une ville, c'est un peu plus pressé que de bavarder avec vous ! (Il s'en va par où il est venu.) "
Conduire," Deux louis si tu veux nous conduire en lieu sûr, dans quelque maison... (La Korigane ne bouge pas.) Sais-tu si la ville est prise ? "
Conduire," Ma petite Korigane, puisque c'est toi, tu vas nous conduire et nous protéger ! "
Conduire, Raboisson doit conduire à cheval votre tante et M. de la Tessonnière un peu plus loin. 
Conduire, Raboisson devait vous conduire ... 
Conduire," Pourtant, le maître a dit de les conduire cette nuit à Noirmoutier. "
Conduire," Nous nous sommes vite rembarquées sur un méchant bachot, le seul qui ait voulu nous conduire du côté des Anglais, et qui nous a posées par ici, sur la grève. "
Conduire," Voyons, il faut demander une barque, et à tout risque nous faire conduire à la côte. "
Conduire, M'entends-tu ? faut-il te conduire ? 
Conduire," Durant son mandat de ministre, elle a notamment été chargée de conduire l'épineuse réforme du Code du travail par ordonnances promise par le chef de l'État Emmanuel Macron, et piloté la loi ""avenir professionnel"", très largement critiquée par les syndicats, ainsi que la controversée réforme de l'assurance chômage. "
Conduire," Menée par Gérald Darmanin, ministre de l'Action et des Comptes publics, et Olivier Dussopt, son secrétaire d'État, la réforme de la fonction publique doit conduire à la réduction de 120 000 agents sur le quinquennat Macron. "
Conduire," En l'espace de vingt-quatre heures, Pietro Paladini perd le contrôle de sa vie : il commet une faute professionnelle, se fait retirer son permis de conduire et égare son téléphone portable. "
Conduire, Ne serait-ce que pour le respect dû aux morts... Mais c'est le cours naturel de cette activité qui va conduire Cristina Cattaneo à se pencher (...) 
Conduire, Car c'est réellement l'expansion des Etats-Unis dans le Pacifique qui donne au Japon l'occasion de se conduire de cette manière. 
Conduire," Dérogations à l'interdiction de conduire sous l'influence de l'alcohol Autorisations des courses de vitesse en circuit effectuées avec des voitures électriques Relèvement de la limitation de puissance pour les permis de catégorie «A limitée» (catégorie A2 de l'UE) Autorité: Unité de l'administration fédérale centrale ou décentralisée A l'avenir, les membres d'organisations de sauvetage et de protection contre les catastrophes ne devraient plus être soumis à l'interdiction de conduire sous l'influence de l'alcool lorsqu'ils effectuent des interventions de sauvetage imprévues alors qu'ils ne sont pas en service. "
Conduire," Notamment, l'usage de liens hypertextes peut conduire votre consultation de son site vers d'autres serveurs pour prendre connaissance de l'information recherchée, serveurs sur lesquels Hauteloireinfos n'a aucun contrôle. "
Conduire, Il existe d'autres facteurs pouvant perturber la faculté de conduire 
Conduire," Ces mesures pourraient aussi conduire à des pratiques discriminatoires à l'égard de certains groupes de la population qui seraient jugés plus susceptibles de consommer des drogues (en l'occurrence, les jeunes adultes). "
Conduire," Mentionnons par exemple les mesures pouvant être prises au niveau provincial pour sanctionner les conduites jugées dangereuses, tel que le recours à des amendes ou à la suspension du permis de conduire . "
Conduire," Votre question me donne l'occasion de rappeler la politique que le Gouvernement entend conduire en Nouvelle-Calédonie et que le Président de la République a lui-même rappelée aux habitants du territoire : elle s'inscrit strictement dans le respect des accords de Nouméa. ("" Et Estrosi ? "" sur les bancs du groupe socialiste, radical, citoyen et divers gauche.) Nous croyons à une démarche politique fondée sur le consensus, le respect des engagements pris... M. Michel Sapin. "
Conduire, possibilité dextraction fragmentaire de la base contractuelle pour conduire des analyses partielles du risque de taux dune partie du bilan ou du hors bilan. 
Conduire," David, l'un des deux fondateurs, s'est même lancé dans l'aventure du parking sans avoir le permis de conduire (et il ne l'a toujours pas !). "
Conduire, Autant de styles différents qui se mélangent pour donner un surprenant cocktail de rock tourmenté capable de transporter celui qui l'écoute à des altitudes... Dans la section quelques anecdotes on se remémore avec plaisir un soir de 1966 quand un renvoi allait conduire la bande à Jim sur une route pavée d'or et de gloire. 
Conduire, Puisque c'est vous qui êtes élu pour conduire le Bénin et non votre entourage encore moins vos larbins. 
Conduire," En signant cet avenant, vous promettez d'interdire au(x) conducteur(s) exclu(s) de conduire le véhicule désigné dans l'entente. "
Conduire," Le conducteur exclu, en signant cet avenant, promet de ne pas conduire ce véhicule et reconnaît qu'en cas de rupture de promesse, aucune assurance de la responsabilité civile ne s'appliquera. "
Conduire," Perte/Vol de documents (carte d'identité, permis de conduire , passeport ...) "
Conduire, Et l'Eglise n'a pas d'autre mission que de conduire à Jésus. 
Conduire," Plusieurs observateurs déplorent les dérives où peuvent conduire , entre autres, l'idéalisation de l'économie, de la religion, de la science et de l'homme lui-même. "
Conduire," Vous apprendrez les fondamentaux de l'approvisionnement, l'analyse des besoins, les risques juridiques, la gestion des relations avec les fournisseurs... Et vous saurez conduire des négociations avec succès, vous plaçant ainsi en véritable garant de l'efficacité de votre entreprise. "
Conduire," Mais si ces réseaux peuvent aider à la promotion de la liberté et de la démocratie dans le monde, de par leur mode de fonctionnement, le corollaire de la liberté de ton, de parole et de mouvement accordée aux utilisateurs peut conduire à certaines dérives. "
Conduire," Ceci est particulièrement important au niveau national mais aussi, et de plus en plus, au niveau international puisque les forces de sécurité sont appelées à conduire des missions de maintien de la paix dans d'autres pays. "
Conduire," La liste qu'il a décidé de conduire a pour slogan "" Unis pour le Puy "". "
Conduire," Il convient au minimum d'utiliser les critères de taille, de localisation et au moins une autre caractéristique importante du logement pour stratifier le parc immobilier; cette stratification devrait conduire à un minimum de trente cases. "
Conduire," Toutefois, si les loyers effectifs collectés sont sur une base mensuelle, l'extrapolation au total annuel peut conduire à des surestimations si aucune information supplémentaire sur la période d'occupation moyenne n'est incluse. "
Conduire," Le Conseil agira en médiateur dans tous les différends qui menacent de conduire a la guerre entre deux Etats membres, ou un Etat membre et un Etat tiers, en vue de parvenir a leur réconciliation. "
Conduire," L'organisation existait jusqu'en 1951, soutenant une démocratie populaire et prédisant la faillite du système de partis en place, suite à une immigration massive de populations de milieu ouvrier, ce qui devrait conduire à un élargissement des frontières et élever leur parti à une position central dans le pays. "
Conduire," Efficace, performante, elle vous permet de conduire en profitant de toujours plus de sécurité. "
Conduire," Comment conduire progressivement les élevages industriels actuels vers des systèmes plus cohérents, éthiques et pérennes ? "
Conduire," Lorsqu'un élevage laitier comprend 200 vaches (ou, pire, 1000 vaches comme dans un projet scandaleux qui voit actuellement le jour en Picardie), il est matériellement impossible de conduire le troupeau sur un pâturage, puis de le ramener deux fois par jour dans le bâtiment pour le traire ! "
Conduire," On met tout cela à plat, et vous saurez quel camping-car conduire en fonction de votre permis. "
Conduire," informer MCJ immédiatement de toute utilisation non autorisée de son Compte ou de son mot de passe, ainsi que de toute situation dont il a connaissance et qui pourrait conduire à une telle utilisation. "
