bron,match
Vol," Ils décryptent notamment la sécurisation inviolable de nos données, la solidité du cryptage des systèmes numériques... Mais chaque jour apporte son lot de vol de données et d'exploits de hacker... Décrypter l'indécryptable ! "
Vol, Vols directs uniquementVols directs uniquement 
Vol," Recherchez parmi plus d'un million de vols , d'hôtels, de formules et bien plus "
Vol, Trouvez la formule qui vous correspond pour vos réservations d'hôtel et de vol 
Vol," Quels que soient votre profil voyageur et votre destination de rêve du moment, ebookers est là pour vous aider à effectuer la réservation d'hôtel et de vol qui vous convient. "
Vol," En couple, vivez un parfait week-end en amoureux en vous accordant un vol en première classe et un séjour dans un hôtel de luxe. "
Vol," Idéal pour programmer votre prochain voyage d'affaires, ebookers vous permet de réserver un vol en classe Affaires ou Premium Economy et vous suggère d'autres services pour répondre à vos exigences professionnelles. "
Vol," Enfin, en rejoignant le programme de fidélité BONUS+, vous bénéficierez de toute une ribambelle d'avantages pour vos vols et vos séjours d'hôtels. "
Vol," *Économies calculées sur l'ensemble des réservations de séjours combinés comprenant le vol et l'hôtel effectuées entre le 1er janvier 2018 et le 31 décembre 2018, en comparaison avec le prix des mêmes composants réservés séparément. "
Vol, J'ai besoin de 250 ml de h2O2 à 60 vol Donc un volume total dégagé de 60x250= 15000 volumes j'ai de l'H2O2 à 110 volume 15000/110= 136.36 ml d'h2O2 eau qsp 250 ml Stabilité jusqu'au coin de la rue ! 
Vol," Rappelez-vous "" Vol au dessus d'un nid de Coucou"" et la façon dont l'infirmière détruit en quelques phrases le fantastique travail accompli par un délinquant trublion et comment un jeune homme, interné dans cet hôpital, après avoir fait l'amour avec une de ses amies entend ""que dirait votre mère de tout cela ?"" et se remet .. à bégayer séance tenante. "
Vol," Parfois la réalité dépasse la fiction... Par l'amour on transgresse tout, le vol d'Hélène était le début de la guerre de Troie, on est capable de choses merveilleuses pour l'amour comme des pires...(clichés!) "
Vol," BRUXELLES ""Pour vous sauver, votre avocate va devoir sortir le grand jeu !"", a lancé vendredi le juge Jean Coumans à l'adresse de Yassine A., 21 ans, qui répond de vol et de tentative de vol sans violence. "
Vol," Après des vols minables, le type avait fait dans le sordide en menaçant un passant pour le délester, avec un ami, d'un MP3. "
Vol," Mais c'est une éolienne aéroportée qui a réalisé, début avril, son premier vol test à Limestone, dans l'Etat du Maine, aux Etats-Unis.]]&gt; http://eolien.kbplatform.com/article/2013/3/26/airbone-wind-turbine-eolienne-aeroportee/ 2013-03-26T11:51:34 http://eolien.kbplatform.com/article/2013/3/26/airbone-wind-turbine-eolienne-aeroportee/ Acciona Windpwower lance un nouveau rotor de 125 mètres. "
Vol," La destruction du vol MH17 de Malaysia Airlines a donné naissance à une incroyable campagne de mensonges, falsifications et détournements de la vérité qui ne s'est plus arrêtée depuis. "
Vol, Des soldats russes ont été identifiés par le site d'investigation Bellingcat comme étant impliqués dans le crash du vol de la Malaysia Airlines au-dessus de l'Ukraine. 
Vol, Ils échouent dans les camps comme de pauvres oiseaux après un vol épuisant. 
Vol," Christian Garcin a publié Romans Le vol du pigeon voyageur, éditions Gallimard, 2000, Prix du Rotary International (rééd. Folio n°3680) Sortilège, éditions Champ Vallon, 2001 Du bruit dans les arbres, Gallimard, 2001 (rééd. Folio n°4134) L'embarquement,... "
Vol," Les dix premiers chapitres [I] [II] [III] [IV] [V] [VI] [VII] [VIII] [IX] [X] et la couverture X Une ombre multiple et gracieuse passa au-dessus de ma tête, telle une troupe de grands oiseaux ; puis, parmi des rires frais et des babils argentins, un vol ... "
Vol," Résumé et Vidéos des prestations et intégrale de l'EPISODE 6 : 1ère battle, le choix des candidats , les vols , les mentors guests Lire la suite "
Vol," Un vol d'oiseaux croassa au loin, dans l'air transparent, au-dessus des clochers. "
Vol," Au delà de ce qui a effectivement percuté le bâtiment, je voudrais savoir ce que sont devenus les passagers du vol 77... "
Vol, Gonzague : ce n'est pas parce que le vol 77 a DISPARU que cela signifie que c'est bel et bien lui qui s'est crashé sur le pentagone ! 
Vol," ""Ils"" ont agi dans une opacité absolue ( VOL des vidéos et masquage des quelques minuscules pièces d'avion sous des bâches), en contradiction avec les règles les plus élémentaires du respect des victimes et des besoins de l'enquête. "
Vol," Cependant, certaines réponses indiquent plusieurs aspects moins encourageants : l'abandon de la pratique de la Bénédiction eucharistique; la fermeture des églises pendant une grande partie de la journée, principalement par crainte des vols , ce qui empêche les fidèles de venir adorer le Saint Sacrement; l'emplacement du tabernacle dans des lieux isolés et mal valorisés, difficiles à identifier, en raison de quoi la plupart des fidèles qui entrent dans l'église ne s'aperçoivent pas de la présence du Saint Sacrement et renoncent à prier; la diminution de l'habitude de venir devant le Saint Sacrement pour prier et méditer; le manque d'une catéchèse qui enseigne la distinction entre la Sainte Messe et les autres célébrations liturgiques ou pratiques dévotionnelles; une vision trop individualiste de la Messe qui empêche d'apprécier dans sa juste mesure la dimension communautaire du sacrifice eucharistique. "
Vol," On va un peu moins vite quand même, puisque les vols s'effectuent aux alentours de 95 km/h, ce qui est un peu en dessous d'un smash "
Vol," Vultur ou Vaultour, ainsi nommé pour son vol tardif et pour la grandeur de son corps, il n'a point vol hatif. "
Vol, Mais Jean Van Hamme va dynamiter cet apparent retour à la normale par une épidémie de morts inexplicables parmi les survivants du vol CR 512. 
Vol," Plus généralementÂ : toute dégradation volontaire ou vol exclut irrémédiablement le responsable, après remboursement des dégâts. "
Vol," Et nous, l'équipe de formation au vol , nous vous promettons de faire de vous des Hommes Véritables dans le délai le plus court.18 "
Vol," A Saint-Martin, nos prospections de l'été 1996 nous ont permis de découvrir cette espèce dans plusieurs stations de la Baie Orientale soit à environ 7,5 km à vol d'oiseau de la seule localité connue précédemment (Powell et al., 1992). "
Vol," Mais c'est une éolienne aéroportée qui a réalisé, début avril, son premier vol test à Limestone, dans l'Etat du Maine, aux Etats-Unis.]]&gt; http://eolien.kbplatform.com/article/2013/3/26/airbone-wind-turbine-eolienne-aeroportee/ 2013-03-26T11:51:34 http://eolien.kbplatform.com/article/2013/3/26/airbone-wind-turbine-eolienne-aeroportee/ Un nouveau système hybride éolien - énergie marémotrice La société japonaise MODEC a dévoilé une maquette d'un système hybride innovant lors de la Wind Expo qui s'est tenue du 27 février au 1er mars 2013 au centre de congrès Tokyo Big Sight.]]&gt; http://eolien.kbplatform.com/article/2013/3/5/un-nouveau-systeme-hybride-eolien-energie-maremotrice/ 2013-03-05T10:38:54.86 http://eolien.kbplatform.com/article/2013/3/5/un-nouveau-systeme-hybride-eolien-energie-maremotrice/ Acciona Windpwower lance un nouveau rotor de 125 mètres. "
Vol," Aurait-il été autorisé à empêcher le vol au moyen d'une pierre lancée sur le véhicule en croyant, comme n'importe qui d'autre, que la voiture appartenait aux voleurs ? "
Vol," En effet, le fait même d'avoir lancé la pierre sur la voiture du voleur pour l'empêcher de commettre le vol est un acte que chacun a l'obligation d'accomplir. "
Vol," Plusieurs suspects, accusés de multiples vols avec effractions, ont récemment été arrêtés et mis en examen. "
Vol," A la fin du mois, les locaux de l'ancien restaurant-hôtel Parc 23, situé aux Loges-en-Josas, ont été cambriolés à trois reprises, avec le vol de deux enceintes, trois vidéoprojecteurs, ... "
Vol," En 1950, des morceaux de films du vol d'un V2 ont été utilisés pour le décollage et d'autres scénes de vol. Quand le producteur distributeur Wade Williams a obtenu les droits du film en 1970, il a remplacé toutes ces scénes par de nouvelles, utilisant une miniature du modéle original . "
Vol, En finir avec les vols intérieurs courts Extrait de Basta C'est le sens des propositions initiées par le député de La France insoumise François Ruffin [1] : supprimer les vols très courts quand le même voyage peut se faire en train en moins de cinq heures. « Selon l'éco-calculateur de la direction de (...) 
Vol," La fin est longue (pas le film, le vol ) , on survole les caraïbes puis le Nord de l'Amérique du Sud, mon épaule blanche de pétales de pellicules, le doux bruissement du ronflement de ma ""Moyenne"". "
Vol," On passe devant Angelina, les cheveux tirés, comme pendant tout le vol , à 4 épingles. "
Vol," Le vol ne durant que 11h30 (sans escale) alors que je suis plus habituée au double, je n'ai dormi que 2/3 heures. "
Vol," Quelques épisodes de Pingu, la météo, la carte de vol , et voilà qu'on doit tout éteindre pour l'arrivée avec vu de l'avant de l'avion sur écran géant. "
Vol," À l'aller, le 2 juillet 2017, sur le vol ORLY-BCN VY8015, nous n'avons rencontré aucun problème: ce siège a été fait sur mesure par un orthoprothésiste d'après les instructions de #Vueling par téléphone. "
Vol," Au retour, on nous annonce que le siège (qui est adapté uniquement aux dimensions du 1er rang, ce qui ne nous avait pas pas été précisé par téléphone) n'est pas accepté sur ce vol de retour sous prétexte qu'il mettrait en danger la sécurité des autres passagers dans le cas d'une évacuation! (sic). "
Vol," Même vol , même compagnie aérienne! "
Vol," Une autre idée serait alors de mettre une couche de virtualisation maison sous le binaire, qui attraperait en vol les instructions read ou write tendancieuses : mais alors, pourquoi compiler en code machine ? (surtout à l'heure des CPUs huit-coeurs, même les ARM font peur maintenant...) C'est tout de même la meilleure manière de se tirer une balle dans le pieds ! "
Vol," Muni de ton appareil photo, installe-toi aux côtés du pilote et direction le ciel pour un vol initiatique ! "
Vol, Votre pilote instructeur vous initiera aux joies du vol en ULM pendulaire ou 3 axes 
Vol," Le COL D' ESPLUCA RUEGO (2493 m) est un site remarquable à tous points de vue : - au-dessus de l'abîme on y domine l'ensemble du cirque de Barrosa, depuis le fond de celui-ci, 800 m plus bas, jusqu'au sommet du pic de La Munia dont l'arête est comporte un gros épaulement (le ""dôme"") qui le divise en deux parties : grande au sud, petite (""Barroseta"") au nord ; - c'est là que le chemin des mines, après le facile parcours du plateau, s'engage sur la vertigineuse corniche de la falaise sud du cirque pour traverser celui-ci jusqu'au port de Barroude qu'on voit au loin (à 3,5 km à vol d'oiseau) ; on devine l'effroi qui devait saisir les hommes (et peut-être les mulets) au moment de se lancer dans cette traversée ; - enfin c'est là que se dévoile le mieux la structure géologique de la région : on est ici, sur la surface granitique du ""socle"", au pied de la falaise, taillée dans le calcaire dévonien, qui constitue le rebord sud-est de la nappe de charriage dite de Gavarnie, et s'élève à la verticale pour former le spectaculaire pain de sucre appelé pic (ou Punta) d'Espluca Ruego (2631 m.) (voir le schéma ci-contre, et la page Géologie de la corniche ) "
Vol," A vol d'oiseau la distance entre le col d'Espluca Ruego et le port de Barroude est de 3,5 km : il faut sans doute compter 5,5 km pour la traversée intégrale à pied (avec 290 m de dénivelé positif cumulé ; voir une carte et un profil dans une page spéciale), dont : - 3,5 pour aller du col d'Espluca Ruego au ""dôme"" (le gros épaulement sur l'arête est du pic de La Munia qui divise le cirque en deux : le ""grand"" (falaise sud et partie centrale) au sud, et le ""petit"" (dit Barroseta, dominé par la falaise nord) au nord ; - 2 pour traverser ce dernier, du ""dôme"" au port de Barroude. "
Vol," Yvonne Jean-Haffren L'Île de Batz la procession, XXe siècle, aquarelle et crayon, maison de la Grande-Vigne (Dinan) Rien d'autre Ah si le cri nocturne de l'effraie le chant un peu futile de l'alouette et qui sait peut-être un vol d'étourneaux au ras des... "
Vol," le cas échéant, de la déclaration de perte ou de vol du passeport précédent. "
Vol," Je repars vers le haut, toujours tracé, (vers l'antécîme) tout se passe bien jusqu'à celle ci, au loin la Rosablanche me nargue, elle est au moins à 2 km à vol d'Oiseau, comment peut on se planter comme ça, incroyable ! "
Vol," Quand on les capte, au vol , quand on les relit, au calme, certains mots donnent tant à penser, tant à travailler, quon apprend vite que cest là quil faut aller pour entendre des choses décisives. "
Vol," Le matin, j'avais pointé au hasard mon index sur l'écran de mon ordinateur où la liste des vols défilait. "
Vol," Tous les documents vidéo, photos, les témoignages contredisent le fait que le vol United Airlines 93 se soit écrasé près de Shanksville en Pennsylvanie le 11 septembre 2001. [suite] "
Vol," Entre les joies de la glisse et la liberté du vol , le speed riding offre des sensations uniques qui séduisent de plus en plus les bons skieurs. "
Vol," Hien Amélie (dir.) (2009) : Les Échos de l'ACPAS, vol 1, No 1, Sudbury, L'Association culturelle et professionnelle africaine de Sudbury, 24 p. "
Vol," Hien Amélie et Boissonneault Julie (2010) : «Le français du domaine vestimentaire au Burkina Faso et au Canada : les mots pour en parler», dans Michael Abecassis et Gudrun Ledegen (éds), Les voix des Français : en parlant, en écrivant, Moderne French Identities, Vol 2, Oxford, Peter Lang, p. 383-401. "
Vol," Hien Amélie (2009) : « le Burkina Faso : le pays des Hommes intègres », dans Les Échos de l'ACPAS, vol 1, No1, février 2009, Sudbury, L'Association culturelle et professionnelle africaine de Sudbury, p. 17-19 "
Vol," Hien Amélie (2009) :«Marguerite Mbonimpa : combativité et persévérance faites femme», Les Échos de l'ACPAS, vol 1, No 1, Sudbury, L'Association culturelle et professionnelle africaine de Sudbury, p. 6-9. "
Vol," Hien Amélie (2009) : « Raoul Étongué-Mayer, un exemple de dévouement professionnel : enseignant dans deux continents », Les Échos de l'ACPAS, vol 1, No 1, Sudbury, L'Association culturelle et professionnelle africaine de Sudbury, p. 14-16. "
Vol," Corbeil Renée et Hien Amélie (2018) : De la parole aux actes, Acfas Sudbury, 25 ans de savoir en français, Sudbury, Journal Le Voyageur, Vol 50, No 36, 14 mars 2018. "
Vol, Une invitation à faire un vol plané musical. 
Vol," Après neuf millions de kilomètres et onze mille heures de vol , François Suchel a » "
Vol," Tous nos instincts sont devenus terribles, toutes nos passions se sont déchaînées... Saisissez-les au vol , et n'espérez pas en rencontrer ailleurs de plus pures et de plus désintéressées. "
Vol," En attendant, c'est un vol que vous faites aux royalistes ! "
Vol," Et c'est parce que nous avons sévi contre les bandits qui continuent à exercer le vol et l'assassinat sur toutes les routes, que vous avez appelé l'étranger ici ? "
Vol," Genome biology , Vol 18(1) art. 108 (2017)) montre que CRISPR-Cas9 modifie la succession des introns-exons. "
Vol, Tous les vols ont été annulés bloquant plus de 150'000 voyageurs. 
Vol," En dehors des tarifs élevés qui caractérisent les vols inter-africains, les liaisons aériennes sont bien meilleures avec les pays de l'Europe et de l'Amérique du Nord. "
Vol, China Southern choisit la plateforme Cassiopée Alpha de Safran pour l'analyse des données de vol de sa flotte 
Vol," Safran Electronics & Defense a signé un contrat avec China Southern Airlines Company Limited pour déployer Cassiopée Alpha, sa nouvelle plateforme logicielle de décodage et d'analyse des données de vol , sur l'ensemble de sa flotte de plus de 600 avions. "
Vol, Quelques petits vols et dégâts pendant le transport mais sans grande importance . 
Vol," Nous travaillons auprès des plus grandes marques comme Team Blacksheep, iFlight, Diatone, TrueRC et mettons à votre disposition une gamme complète de contrôleurs de vol , de châssis, de moteurs pour que vous puissiez faire évoluer votre configuration pour toujours plus de puissance et de vitesse ! "
Vol," Enfin, pour rendre votre expérience plus immersive, nous vous proposons tout le nécessaire pour vous exercer au vol FPV : Lunettes, casques, émetteurs etc... "
Vol," Formalités et démarches administratives - Avec l'assouplissement des mesures de confinement le 28 novembre, les déplacements dans un rayon de 20 km calculé « à vol d'oiseau » sont autorisés. "
Vol," Automobile - Transports - Afin de lutter contre les vols , la loi d'orientation des mobilités a instauré un marquage obligatoire pour les vélos vendus neufs par des professionnels à... "
Vol," Couplée à 8 GB de RAM, cette puce promet des performances de haut vol tout en consommant 40% d'énergie en moins. "
Vol," Résumé et Vidéos des prestations et intégrale de l'EPISODE 8 : 3e battle, le choix des candidats , les vols , les mentors guests Lire la suite "
Vol," Résumé et Vidéos des prestations et intégrale de l'EPISODE 7 : 2e battle, le choix des candidats , les vols , les mentors guests Lire la suite "
Vol, Bon nombre des grandes compagnies aériennes internationales offrent des vols vers Moscou et Saint-Pétersbourg et certains villes régionales. 
Vol," La concurrence est plutôt vive au sein de l'industrie aérienne russe, et beaucoup de compagnies offrent des vols intérieurs et vers des destinations internationales. "
Vol, Domodedovo est un aéroport moderne et efficace qui est desservi par de nombreux vols intérieurs et internationaux. 
Vol," Observer un ciel étoilé, contempler une fleur, admirer le vol d'un papillon ou constater le retour des oiseaux au printemps, la nature nous fait du bien et nous émerveille. "
Vol," En revanche, comme nous vols l'annoncions il y a maintenant plusieurs... Lire la suite → "
Vol," Outre le vol de noms d'utilisateurs et d'identifiants, la nouvelle version du Trojan tente toujours de voler des informations sur les cartes de crédit des utilisateurs. "
Vol, Salut Cela sent un peu le plagia ce système pour ne pas dire du vol http://www.forexpeacearmy.com/community ... als.23015/ Après je peux me tromper mais il existe un peu beaucoup la même chose en gratuit 
Vol," Exploration dans un monde ouvert et éléments d'action en temps réel : déplacement dans différents types de véhicules (voiture, train, deux roues, avions, motos de mer, vol delta, etc.) choisis par le joueur pour mener à bien des missions ou pour explorer l'univers du jeu; agressions physiques et utilisation d'armes contre les personnes de son choix (simple citoyen ou autre gangster). "
Vol," Pour que votre perruche reste heureuse et en bonne santé, et pour éviter que ses vols ne se terminent par un atterrissage en catastrophe parce que son ventre la tire vers le bas, il est important de la nourrir de façon saine et variée. "
Vol," Après une première édition de haut vol , la jeune marque suisse se prépare au second lancement de l'une de ses dernières créations: une montre mécanique sans genre, aussi bien destinée aux hommes qu'aux femmes "
Vol, pièce sonore Le vol est inévitable. 
Vol," Programme national de recensement des observations et Pelargos saison 2019 - Le requin pèlerin, un athlète de haut vol "
Vol," Concernant la livraison des marchandises, pharmaplusbeaute.fr, la poste ou le transporteur ne sauraient être tenus pour responsables de la dégradation ou du vol d'un colis remis en boite au lettre, celui-ci ayant été flashé informatiquement comme ""livré"" au destinataire. "
Vol," Empilable préparés au vol ?: avec valve manuelle de compensation de pression klima résistant?: -33 °C à + 99 °C Sécurisé?: Fermeture avec axe supplémentaire pour un large, de l'ouvrir. "
Vol, Vols pas chers et atterrissage en douceur : les conseils de Lonely Planet 
