bron,match
Avocat," ""L'article L1321-1 du code général des collectivités territoriales prévoit qu'en cas de transfert de compétence à un EPCI, les biens permettant l'exercice de cette compétence sont seulement ""mis à disposition"", sans transfert de propriété."" Maître Blanche Magarinos-Rey, avocate en droit de l'environnement "
Avocat," L' avocate insoumise, qui ne compte pas arrêter la télévision, a lancé un appel à Laurent Ruquier et Cyril Hanouna. "
Avocat," La preuve, si le colibri trouve un avocat je suis prêt à consacrer quelques minutes à l'écouter, mais laissez-moi le privilège de radoter... C'est plutôt mignon les colibris ! "
Avocat," Vous vous engagez à indemniser intégralement les entités Houzz et leurs dirigeants, administrateurs, salariés, consultants, et autres représentants, à les protéger et les dégager de toute responsabilité en cas de recours, de dommages et intérêts, de pertes, de coûts (y compris les honoraires d' avocat raisonnables), et autres frais résultant, directement ou indirectement de : (a) un manquement de votre part à toute partie du présent Accord, y compris mais sans se limiter à la Politique d'accès aux systèmes d'information et à la Politique relative aux produits interdits ; (b) toute allégation selon laquelle les éléments que vous nous transmettez ou que vous publiez sur la Plateforme Houzz portent atteinte ou contrefont les droits d'auteurs, le brevet, la marque de fabrique, le secret de fabrication, ou un autre droit de propriété intellectuelle ou les autres droits de tiers ; (c) vos activités en relation avec la Plateforme Houzz ou d'autres sites Internet auxquels la Plateforme Houzz est liée ; et / ou (d) votre négligence ou faute intentionnelle. "
Avocat, Le médiateur sera soit un juge à la retraite soit un avocat autorisé à exercer dans l'état de Californie et il sera choisi par les parties parmi les médiateurs de la liste de l'AAA ayant une expérience pertinente. 
Avocat," L'ancien président de la République Nicolas Sarkozy, son avocat Thierry Herzog et l'ex-avocat général près la Cour de cassation Gilbert Azibert comparaissent depuis le 23 novembre devant le tribunal correctionnel de Paris pour corruption, trafic d'influence et violation du secret professionnel. "
Avocat, La connaissance de Consommateurs d' Avocat Propulsid qui ont subi la blessure en raison de l'utilisation de Propulsid peut avoir droit d'enregistrer des litiges Propulsid. 
Avocat," Toujours est-il que j'ai envie de me faire l' avocat du diable et de défendre à la mesure de mes moyens ce disque qui a généreusement accompagné mes trajets à la plage la semaine dernière, rien de plus, et c'est déjà pas mal. "
Avocat," Depuis l'assassinat de son père, avocat renommé, Macha Karavaï, une jeune étudiante en droit de vingt-deux ans, nourrit une véritable obsession pour les tueurs en série. "
Avocat, Christopher Maughan est un avocat spécialisé en litige commercial qui possède une expertise importante en actions collectives et en droit de la consommation. 
Avocat," Avant de devenir avocat , il a travaillé comme journaliste pour divers journaux canadiens. "
Avocat, L'assistance ou la représentation par un avocat est obligatoire ou facultative selon la nature de l'affaire et les juridictions compétentes. 
Avocat, L' avocat est inscrit au barreau. 
Avocat," Depuis 2011, en matière pénale, Genève connaît le principe dit de l' avocat de la première heure. "
Avocat," Posséder 3 ans au moins de pratique professionnelle utile au poste, stage d' avocat non compris "
Avocat," Il se trouve une alliée de choix en l' avocate de Hugh, Samantha Campbell, mais le temps presse, et ni le gang local ni la police ne semblent vouloir leur faciliter la tâche. "
Avocat," L'Utilisateur s'engage en particulier à prendre en charge le paiement des sommes, quelles qu'elles soient, résultant du recours d'un tiers à l'encontre de SPAREKA, y compris les honoraires d' avocat et frais de justice. "
Avocat," Plus dynamique qu'un site web et générateur de commentaires, un blog est aujourd'hui un outil incontournable pour l' avocat qui souhaite se faire entendre... "
Avocat," BRUXELLES ""Pour vous sauver, votre avocate va devoir sortir le grand jeu !"", a lancé vendredi le juge Jean Coumans à l'adresse de Yassine A., 21 ans, qui répond de vol et de tentative de vol sans violence. "
Avocat," chronique de Noémie Bergez, avocate au cabinet Dune, sur les moyens juridiques pour la sécurisation des données ; "
Avocat," Tous les juges de France et de Navarre (sauf les cours d'assises) devront veiller à ce que chaque plaideur soit en mesure d'user effectivement de sa nouvelle prérogative ; tous les avocats auront aussi à intégrer l'opportunité de cette question à leur stratégie de défense des intérêts de leurs clients ; tous les professeurs et étudiants de droit, quelle que soit leur spécialité, devront désormais tenir le droit constitutionnel pour une discipline majeure, située au cœur de la formation du juriste, comme c'est depuis longtemps le cas dans la plupart des autres Etats de droit... Le Conseil constitutionnel lui-même connaîtra bien entendu une évolution profonde pour assumer pleinement cette fonction présentée comme étant juridictionnelle par excellence. "
Avocat," Nos Auteurs, banquiers, financiers, fiscalistes, avocats , économistes, experts-comptables... ont été choisis par le comité éditorial de RB Édition pour leurs compétences et la vision qu'ils portent sur l'évolution de leur discipline. "
Avocat," L' avocat de Donald Trump, qu'un conseiller du président a comparé à «une grenade qui va faire sauter tout le monde», parle trop et se ridiculise à la télévision. "
Avocat, C'est une chance extraordinaire pour construire ta vie de futur avocat . 
Avocat," Tu seras l' avocat des pauvres, j'en suis sûr."" "
Avocat," Préambule sur soi et les autres - Ethnocentrisme et/ou androcentrisme - L'ethnologue, l' avocat et le juge. "
Avocat," Mon avocat , Maître Gasser; un ténor du barreau avignonais, avait évidemment opté, en seconde comme en première instance, pour la seconde ligne de défense. "
Avocat," Ce témoignages furent simplement remis en main propre par mon avocat , lors de l'audience. "
Avocat," Comme cette procédure bien précise n'avait pas été respectée la Justice considéra mon dossier comme vide, exactement comme si elle disait ""votre avocat m'a remis devant tout le monde ces témoignages, comme il l'avait déjà fait lors du procès en première instance mais, juridiquement je considère que je ne les ai pas reçus et je ne les inclus pas dans votre dossier"". "
Avocat, vous vous êtes renseigné(e) sur la profession d' avocat de litige et désirez faire carrière dans ce domaine 
Avocat," Dans le litige, les avocats occupent une place centrale. "
Avocat," Les avocats en litige doivent, évidemment, maîtriser la procédure et le droit substantif. "
Avocat," Nos avocats possèdent une vaste expérience des litiges relatifs à tous les aspects des relations commerciales: exécution de contrats, responsabilité civile et professionnelle, concurrence déloyale, recours d'actionnaires, injonctions et recours extraordinaires, recours collectifs, droit international privé, litige de faillite et d'insolvabilité, contrat individuel de travail, pour n'en citer que quelques-uns. "
Avocat, Un avocat de litige est un débrouillard. 
Avocat," Lorsqu'il n'est pas à la cour, un avocat de litige partage son temps de travail entre la recherche et la rédaction juridique, l'édification de ses connaissances professionnelles et divers échanges avec les clients ou avec des intervenants tels des experts ou d'autres avocats. "
Avocat," Lorsqu'il n'est pas à la cour, un avocat de litige partage son temps de travail entre la recherche et la rédaction juridique, l'édification de ses connaissances professionnelles et divers échanges avec les clients ou avec des intervenants tels des experts ou d'autres avocats . "
Avocat," Nos avocats se consacrent exclusivement à la résolution des affaires contentieuses, que ce soit par la plaidoirie ou d'autres voies telles que la médiation, l'arbitrage ou la négociation. "
Avocat," Nos avocats ont été des acteurs de premier plan dans plusieurs des litiges marquants en jurisprudence et dans l'actualité, notamment : Lac d'Amiante du Québec Ltée c. 2858-0702 Québec Inc. et Lac d'amiante du Canada, Ltée, [2001] 2 R.C.S. 743; Laidley c. "
Avocat, Certains de nos avocats exercent également dans les domaines du droit disciplinaire et du droit administratif. 
Avocat, Nos avocats sont toujours disponibles pour confier des dossiers intéressants à leurs nouveaux collègues. 
Avocat," Comme notre cabinet ne compte pas une légion d' avocats , nos stagiaires deviennent rapidement un centre d'attention privilégié. "
Avocat," Les dossiers de qualité abondent, et nos avocats ont hâte de pouvoir mettre un talent à contribution. "
Avocat," Ils assistent des avocats d'expérience dans des dossiers complexes et, en parallèle, pilotent des dossiers plus simples qui leur permettent de couvrir toutes les étapes d'un mandat, de la recherche préliminaire au procès. "
Avocat, Nos étudiants collaborent directement avec les avocats qui sollicitent leur aide. 
Avocat," Bien plus que de la recherche juridique, un emploi d'été, chez Woods, c'est communiquer avec les clients, préparer des mises en demeure, rédiger des procédures complètes, prendre connaissance de la preuve et l'analyser, accompagner les avocats responsables du dossier lors de négociations, d'interrogatoires et de représentations devant les tribunaux. "
Avocat," Nos avocats font confiance aux étudiants du bureau, ils recherchent souvent leur opinion et sont heureux de profiter de leur savoir juridique fraîchement acquis à la faculté de droit. "
Avocat," De stagiaires à avocats : découvrez ceux qui ont rejoint notre équipe d'avocats de litige, d'arbitrage et d'insolvabilité "
Avocat," De stagiaires à avocats: découvrez ceux qui ont rejoint notre équipe d' avocats de litige, d'arbitrage et d'insolvabilité "
Avocat," Parlé avec Nim' et Kerlu du monde merveilleux de l'ingénieur, on serait pas très bon en plaquette de pub au salon de l'étudiant (d'un autre côté, on n'a pas le choix, comme le rappelait Eolas peu après, il bosse comme un malade pour des clopinettes ; d'un autre côté, avocat , c'est une vocation nan ? :D ). "
Avocat," Jalonnée par l'enquête de nos jours d'un avocat chinois, l'histoire nous guide dans cette journée sanglante de décembre 1937. "
Avocat," Dans son livre, l'auteur nous conte l'enquête d'un ancien avocat de New York, Vincent Calvino, devenu détective privé. "
Avocat, Il a été donné d'apprendre que ces pratiques n'est pas l'apanage éventuel des avocats et que les greffes des tribunaux de commerce peuvent aussi avoir à se poser les mêmes questions que notre profession. 
Avocat," Les réunions en cours concernant l'aspect technique du RPVATC relèvent toujours de la psychothérapie ou de l'incantation tant que les responsables techniques du GIE infogreffe, du CNB, de l'Ordre de PARIS ne seront pas réunis ensemble dans la même salle pour travailler concrètement ensemble à partir d'un cahier des charges établi avec les praticiens, à savoir les avocats commercialistes autant que les Greffiers associés et employés responsables de l'exécution des taches du greffe de Paris, que les juges. "
Avocat," Il faut savoir que depuis l'arrêté du 21 juin 2013 autorisant les envois entre les greffes et les avocats par la voie dématérialisée et sécurisée, le décret du 1er Octobre 2010 qui était pratiqué jusque là sans aucune difficulté, n'est plus appliqué comme si la hiérarchie des textes devait soudainement s'inverser, pour vouloir, disons-le franchement, laisser place aux clics sur la souris. "
Avocat, Ses avocats ont déposé une question prioritaire de constitutionnalité (QPC) devant le Conseil d'État. 
Avocat," Maud Schlaffmann-Amprino, avocate depuis 2014, défend des personnes incarcérées à la maison d'arrêt de Fresnes. "
Avocat," Après un espoir douché, l' avocate refuse de se résigner. "
Avocat," Pendant qu'ils se passaient le ballon, les avocats voyaient les mots passer rapidement devant leurs yeux dans des combinaisons intrigantes. "
Avocat," L'enquête Startup Snapshot a été menée par Y. Benjamin Strategic Marketing ; LeumiTech, la branche bancaire de Bank Leumi Le-Israel Ltd, qui se concentre sur les entreprises technologiques ; les avocats Yigal Arnon et Co ; le programme d'accélérateur technologique d'Intel Corp, Intel Ignite ; Benson Oak Ventures et le programme d'entrepreneuriat de Zell. "
Avocat," L' avocat droit du travail Paris intervient à tous les stades du contrat de travail, lorsque les relations de travail entre l'employeur et son salarié deviennent discutables. "
Avocat," Vous trouverez ci-dessus la présence d'un bocal, d'une banane, d'une grappe de raisin et d'un avocat . "
Avocat," Les pôles CapeSup : Médecine / Pharmacie Médecine / Dentaire Pharmacie Paramédical Prépas Kiné Prépas Infirmier(ères) Sciences politiques Prépas IEP (Sciences Politiques) Juridique Prépas Avocat / Magistrat Prépas Droit (L1, L2, L3) Prépas Notaire Soutien scolaire et aide aux concours Concours de ... www.fasilannuaire.fr/784-1131-70-capesup-grenoble-formations-medecine-dentaire-pharmacie.html "
Avocat," La rédaction de GPO Magazine vous propose un panorama des principales nouvelles mesures telles que la monétisation du CPF, les formations financées par le CPF, la suppression des « listes CPF », un nouveau plan de développement des compétences, un aménagement de l'entretien professionnel, ainsi qu'un zoom sur le rapprochement des dispositifs d'alternance et sur la fin de la période de professionnalisation et enfin un focus sur le nouveau régime du contrat d'apprentissage par Aymeric d'Alançon, Avocat Of Counsel, spécialiste en droit social du Cabinet Chassany Watrelot & Associés. "
Avocat," 5 : Vos qualités d'adaptation, votre indépendance, votre mobilité, votre amour du voyage et de la nouveauté ainsi que votre charme, votre talent de persuasion et votre don de la parole suggèrent une brillante carrière en tant qu' avocate , actrice, politique ou éventuellement militaire. "
Avocat, C'est un avocat qui a réussi mais qui au fond regrette de ne pas s'être lancé dans la photo. 
Avocat, Sarah Woods est une avocate chevronnée qui a plaidé devant tous les niveaux de tribunaux québécois. 
Avocat," Les avocats des parties plaignantes, bloquées en Afrique en raison de la pandémie, ne veulent pas d'une audience saucissonnée et demandent le renvoi "
Avocat," Ce certificat est ouvert aux étudiants en deuxième cycle et aux professionnels ( avocats ) en formation continue, et repose sur une approche universitaire de très haut niveau et une pédagogie résolument pratique. "
Avocat," Unique en France, ce certificat repose sur un nouveau partenariat, alliant Université et monde professionnel (notamment l'associaton des avocats pénalistes et l'Institut de défense pénale), et tout à fait prometteur au regard du projet de « pôle judiciaire » prévu sur le site Poncet. "
Avocat," Il continue de situer l'Université au coeur de la formation continue des professionnels, des avocats en l'occurence, que l'ISPEC s'efforce déjà d'animer par l'organisation de conférences-formations avec les barreaux d'Aix en Provence et de Marseille. "
Avocat," Il offre également une chance unique à nos étudiants désireux d'embrasser la profession d' avocat de pouvoir être formés par les plus grands spécialistes de la matière pénale, autour d'une pédagogie clinique (études de cas concrets, exercices en situation réelle, approches professionnelles, etc.) afin de valoriser ce certificat lors de leur insertion professionnelle (ce que nous confirme déjà clairement les professionnels interrogés à ce sujet). "
Avocat," En affrontant les épreuves, le chrétien se découvre fils d'un Père à qui il peut se remettre entièrement ; il s'étonne d'énoncer un message que lui souffle l'Esprit ; et il reste confiant que le Crucifié sera son avocat . "
Avocat," A la demande d'un célèbre avocat parisien, Victoria enquête sur la vie dissolue de son fils, garçon de bonne famille aux comportements inquiétants. "
Avocat," Il y a trois ans, l' avocat John Henderson a vu son petit garçon tomber dans le lac qui bordait sa maison de l'État de Washington. "
Avocat," Avocat d'affaires, Peter Shepard a tout pour être heureux : la fortune, une femme belle et aimante, deux petites filles irrésistibles. "
Avocat," Né en 1952, James B. Stewart, lauréat du prix Pulitzer, est avocat diplômé de Harvard et journaliste. "
Avocat," Né à Saint-Gaudens d'une famille originaire de la vallée ariégeoise de Bethmale, d'abord avocat , il sera surtout un homme politique de la IIIe République (maire actif de Saint-Gaudens pendant 35 ans, de 1884 à 1921, conseiller général, député puis sénateur de la Haute-Garonne), radical-socialiste haut en couleur locale, défendant avec passion des convictions républicaines et laïques. "
Avocat," Avocat , je dirais un super avocat qui me disait que j' étais le seul à avoir mis le doigt sur le point faible des DENTISTES.......... "
Avocat," Avocat, je dirais un super avocat qui me disait que j' étais le seul à avoir mis le doigt sur le point faible des DENTISTES.......... "
Avocat," Le premier crime fait grand bruit : Robert Gordon, un avocat brillant, philanthrope à ses heures, est retrouvé électrocuté dans le Jacuzzi de sa luxueuse demeure, sur les hauteurs de la ville. "
Avocat," On n'a pas de place, la zone est humide, il n'y a pas de vu, j'avoue qu'on n'a pas trop compris... Le pique nique est délicieux, il faut dire qu'il y a de très bons avocats !!! on repart vers le haut, il tombe trois goutes. "
Avocat," Un milliardaire excentrique et son chien, ses deux filles jumelles pas tout à fait ordinaires, un jeune chercheur en sciences de l'information, une militante internationaliste des droits de l'homme, une avocate ancienne prisonnière d'un groupe de rebelles en Afrique, une syndicaliste asiatique et un érudit bouddhiste, homme d'affaires écologiste et philosophe, sont les personnages de ce roman. "
Avocat," Avocat plaidant versatile, Louis exerce principalement dans les domaines des litiges contractuels, des litiges corporatifs et entre actionnaires, de l'insolvabilité, du droit du travail, de la responsabilité professionnelle, des actions collectives, du droit international privé et des procédures d'injonction. "
Avocat, Reconnu comme un avocat plaidant de premier plan dans : 
Avocat, Lexpert Rising Star - désigné par Lexpert® parmi les avocats les plus prometteurs au Canada (2020) 
Avocat," L'Agence mérite des félicitations pour avoir mis en place des programmes de leadership ciblés sur les groupes où il existe des pénuries, comme les agents financiers, les avocats et les spécialistes en ressources humaines. "
Avocat," Depuis près de cinquante ans, elle défend, comme avocate , des clients palestiniens. [Lire....] "
Avocat," Lydia Chin, une détective d'origine chinoise, est mandatée par une avocate suisse pour retrouver à Chinatown des bijoux ayant appartenu à la famille Gilder. "
Avocat," Honnête avocat dans une compagnie d'assurances, George Young ne s'est jamais considéré comme un détective. "
Avocat, Aider la veuve d'un ami à empêcher un avocat de s'emparer du cadavre de son mari. 
Avocat," Il pourrait être reporté, en raison de la grève des avocats ... La grève des avocats pourrait remettre en cause le procès prévu ce lundi des incendiaires présumés de la préfecture du Puy le 1er décembre 2018, en marge de la manifestation des Gilets jaunes. 18 gendarmes et policiers avaient été blessés. "
Avocat," Il pourrait être reporté, en raison de la grève des avocats... La grève des avocats pourrait remettre en cause le procès prévu ce lundi des incendiaires présumés de la préfecture du Puy le 1er décembre 2018, en marge de la manifestation des Gilets jaunes. 18 gendarmes et policiers avaient été blessés. "
Avocat," Docteur en droit, Anne-Laure s'est installée en tant qu' avocate après un parcours d'une quinzaine d'années au sein des directions juridiques de grandes associations dans le domaine de la santé, elle est également membre d'un Comité de Protection des Personnes. "
Avocat," En ces temps troublés où l'État de droit est remis en question parce qu'il serait attentatoire à la souveraineté nationale, où les exclus sont de plus en plus nombreux, on se dit qu'il est temps d'appeler un avocat . 3 "
Avocat, A agi comme avocat québécois pour le comité officielle des créanciers non-garantis dans la restructuration de AbitibiBowater Inc. 
Avocat," la chronique « In code we trust » de Noémie Bergez, avocate au cabinet Dune, sur la nouvelle recommandation de la CNIL sur les cookies ; "
Avocat," Difficile de faire pire dossier que celui là, et pour son premier jour au poste d' avocat du paradis en plus. "
Avocat," – Monsieur Levasseur, mon père ? (Bartholomeus agita sa main pour attirer l'attention du curé, qui se tourna vers lui, le regard inondé de joie.) Je me présente, ange Bartholomeus, je suis votre avocat . "
Avocat, L' avocat du diable le boufferait tout cru au procès. 
Avocat," Comme Bartholomeus s'y attendait, l' avocat du diable, superbe dans son costume trois pièces noir, s'en donnait à cœur joie. "
