bron,match
Bureau," On a demandé au vendeurs s'ils ne l'avaient pas retrouvé et une dame nous répond que non avec aplomb, sans même regarder sous son bureau , en nous disant que de toute façon il avait du être piétiné (sympa -__-) et que le seul moyen c'était de peut-être revenir le lendemain quand les femmes de ménages seraient passées et blablablaibli. "
Bureau, Les données présentées ci-dessous sont tirées du document « Côte d'Ivoire 2013- Besoins humanitaires en phase de transition » réalisé par l'OHCA ( Bureau de la coordination des Affaires Humanitaires). 
Bureau," La douane vous remettra ensuite, un exemplaire de la déclaration et, le certificat d'immatriculation sera barré d'un trait en diagonale et, sera revêtu de la mention « véhicule exporté le...par le bureau de douane de... », authentifié par le cachet du bureau (voir rubrique ""permis de conduire à l'étranger""). "
Bureau, Le Bureau de Vie Étudiante (BVE) de l'Université de Limoges est un service de la vie étudiante regroupant plusieurs dizaines d'étudiant.e.s autour d'un seul et même thème : la dynamique étudiante. 
Bureau," Inquiet de ce comportement (après tout, à nos âges, on entend souvent parler de la maladie qui porte le nom d'un mec dont je ne me souviens que du prénom, Aloïs...), j'ai décidé de suivre mon comportement à l'aide d'un drône de surveillance de mon bureau : aucun résultat. "
Bureau," Mais ne perdons pas le Nord : j'obtiens mon échange universitaire à Hosei (tous les membres du bureau de l'association partent en fait au Japon, en échange ou visa working-holliday). "
Bureau, Il a également été sous-ministre du Travail et sous-ministre responsable de la coordination des politiques intergouvernementales au Bureau du Conseil des ministres. 
Bureau, Accès possible par validation des acquis de l'expérience (voir conditions au bureau de la VAE) 
Bureau, Un emploi dans un bureau qui soudoie quelques dizaines de dictateurs. 
Bureau," Facile d'accès, un parc hôtelier rénové et diversifié de plus de 3700 chambres, des traiteurs de renom, un panel d'excursions et d'activités, une offre événementielle diversifiée... et un Bureau des Congrès au service des organisateurs d'événements. "
Bureau," Dans cette dépêche, nous présenterons les principales nouveautés de septembre (version 81), octobre (version 82) et novembre (version 83) pour Firefox pour le bureau et pour Android. "
Bureau, Mme Assia Billig a été nommée actuaire en chef au Bureau du surintendant des institutions financières en avril 2019. 
Bureau, Mme Billig est arrivée au Bureau de l'actuaire en chef (BAC) en 2008. 
Bureau, Un bureau a été constitué et de nombreux adhérents ont d'ores et déjà rejoints l'association. 
Bureau," Secrétariat de la revue Les Cahiers de droit Faculté de droit Université Laval Pavillon Charles-De Koninck 1030, avenue des Sciences-Humaines, bureau 7133 Québec (Québec) G1V 0A6 Téléphone : 418 656-5253 Télécopieur : 418 656-7230 Courriel : EMAIL "
Bureau, Bureau Monsieur Meuble - acheté à l'époque dans une gamme de prix assez élevée. 
Bureau, Ce bureau est toujours en très bon état aujourd'hui. 
Bureau," Ils devront remettre leur ticket de parking au bureau d'inscription lors de leur arrivée et reprendre, au cours de la journée, un ticket qui leur permettra de ressortir gratuitement du parking. "
Bureau," Pour lui écrire Bureau : 439 (bâtiment Droit-Lettres, 4e étage) Laboratoire de rattachement : LIR3S (UMR CNRS-uB 7366) Fonctions Doctorant chargé de cours Parcours Je suis actuellement doctorant contractuel à l'université de Bourgogne en... "
Bureau," Pour lui écrire Bureau : 435 (bâtiment Droit-Lettres, 4e étage) Laboratoires de rattachement : LIR3S (UMR CNRS-uB 7366) – IRPHIL (EA 4187, Université de Lyon) Fonctions ATER (Attaché Temporaire d'Enseignement et de Recherche)... "
Bureau," Pour lui écrire Bureau : 439 (bâtiment Droit-Lettres, 4e étage) Laboratoire de rattachement : LIR3S (UMR CNRS-uB 7366) Fonctions Maître de conférences habilité à diriger des recherches doctorales (HDR) Spécialités Philosophie du handicap,... "
Bureau," Pour lui écrire Bureau : 435 (bâtiment Droit-Lettres, 4e étage) Laboratoire de rattachement : LIR3S (UMR CNRS-uB 7366) Fonctions Professeur des universités en philosophie de la vie, de la médecine et du soin... "
Bureau," Pour lui écrire Bureau : 439 (bâtiment Droit-Lettres, 4e étage) Laboratoire de rattachement : LIR3S (UMR CNRS-uB 7366) Sa fiche sur l'annuaire du CGC Parcours Maître de Conférences en philosophie moderne et contemporaine... "
Bureau, Lui écrire Bureau 448 Parcours Professeur de Littérature française du XVIIIe siècle Ancienne élève de l'ENS de Fontenay Saint Cloud Agrégée de Lettres Modernes Née en 1974 Thèse : Habilitation à Diriger... 
Bureau," Une boutique en ligne néerlandaise liste l'intégralité de la prochaine gamme de processeur de bureau Intel, alias Comet Lake-S. "
Bureau," Vous avez au bureau une machine a café Seb qui a fonctionne normalement jusqu'au début du mois de mars 2013, et maintenant elle présente un dysfonctionnement quand vous appuyez sur le bouton on-off pour démarrer un chauffage : il s'allume mais la machine ne marche pas. "
Bureau," ""C'est une belle victoire pour la liberté d'expression"", a déclaré à Reuters Julien Pain, responsable du bureau internet de l'association Reporters sans frontières (RSF). "
Bureau," Me Alex Dobrota Comité de recrutement WOODS s.e.n.c.r.l. 2000, avenue McGill College Bureau 1700 Montréal (Québec) H3A 3H3 Téléphone : 438-995-3261 Télécopieur : 514 284-2046 "
Bureau," Nos avocats font confiance aux étudiants du bureau , ils recherchent souvent leur opinion et sont heureux de profiter de leur savoir juridique fraîchement acquis à la faculté de droit. "
Bureau, Le Conseil d'Administration du GABNi a élu son nouveau bureau 
Bureau," Le 28 juillet, le Conseil d'Administration du GABNi s'est réuni pour élire son nouveau bureau et échanger sur les différents projets en cours, suivis par le groupement. "
Bureau," Aline Baumann, productrice de fraises et autres petits fruits rejoint le bureau en tant que trésorière. "
Bureau," Samuel Delobbe, polyculteur et éleveur de porcs, sera quant à lui, le secrétaire de ce nouveau bureau . "
Bureau," - - - Certes, mais l'avion du Pentagone est cense a 70 cm du sol a 850 km/h tout en ne touchant les bobines de fils mi les clotures et en s'evaporant lorsqu'il touche le mur, le tout pilote par un pilote considere comme nul par ses instructeurs (""il ne savait pas voler"" dira l'un d'eux), qui reussi a disparaitre des radars, a effectuer une spirale descendante de 2700 metres a 330' et a 850 km/h, puis a eviter de justesse une antenne de 50 metres pour redscendre aussitot pour toucher les lapadaires... Le tout pour precipiter son avion a l'oppose du bureau du ministre de la Defense sur une zone aux murs renforces ou il ya peu de personnels dont les travaux doivent se terminer le lendemain, le tout alors que le NRO est a prevu un exercice de simulation de frappe d'un avion a 16 kilometres de la et inutes plus tot (officiel !). "
Bureau," Ce matin, j'avais une petite discussion avec mon désormais fameux ami voisin de bureau , sur les ""petits"" désagréments que l'on pouvait avoir avec des avions pas super bien conçus, mais pourtant fabriqués en série, comme des inverseur de poussée qui se déclenchent ""tout seul"" (223 morts ; y'aura p'têtre le problème sur l'A380 si ça continue comme ils sont partis), ou encore du Kapton super isolant quand il est sec, et qui s'enfume très vite à l'humidité ambiante (il devient alors conducteur, une bonne éponge), surtout si le vernis est absent (301 morts ). "
Bureau," La semaine dernière, mon ami voisin de bureau s'est vu notifié dans l'après-midi qu'il était prévu qu'il parte pour Valence le lendemain, comme ça, paf, mange-toi ça. "
Bureau, KDE (K Desktop Environment) est un environnement de bureau . 
Bureau," Il se compose d'un ensemble d'outils vous permettant d'exploiter graphiquement votre ordinateur : gestionnaire de fenêtres, fenêtre de connexion, gestionnaire de fichiers, utilitaires, etc. et bien entendu le bureau Plasma. "
Bureau," Quadra Mobilier est une société spécialisée depuis plus de 25 ans dans l'optimisation des espaces de travail : aménagement sur plan, aménagement de bureau , mobilier de bureau, solutions acoustiques et ergonomiques, agencement de showroom ... "
Bureau," Quadra Mobilier est une société spécialisée depuis plus de 25 ans dans l'optimisation des espaces de travail : aménagement sur plan, aménagement de bureau, mobilier de bureau , solutions acoustiques et ergonomiques, agencement de showroom ... "
Bureau," La finalisation de votre projet d'aménagement de votre bureau ou de votre espace de travail ainsi que le choix du mobilier est ensuite minutieusement validée avant de définir, selon votre planning et la disponibilité de nos fournisseurs, la livraison et l'installation du mobilier en vos locaux. "
Bureau," Publié le 13 juillet 2010 par torpedo ...Plus au large, dans les eaux plus profondes qui dépendent du gouvernement fédéral, la politique officielle pourrait se résumer en une formule : « Loin des yeux, loin du coeur. » Le Service de gestion minier (MMS), récemment rebaptisé Bureau de la gestion de l'énergie de l'océan, réglementation et application (BOEMRE) (organisme fédéral qui délivre les permis de forage en haute mer), s'appuie sur des règles à l'efficacité limitée... Lire la suite... Il y a 13 contribution(s). "
Bureau, Les Mandchous reprennent sans sourciller les meilleures traditions chinoises et en 1645 Schall est nommé à la tête du bureau des mathématiques. 
Bureau, En 1668 Verbiest est nommé directeur du bureau de l'Astronomie et en 1671 il devient le tuteur privé de l'Empereur ce qui fait naitre chez lui l'espoir de pouvoir un jour convertir l'Empereur au Christianisme. 
Bureau, En rentrant plutôt du bureau un homme surprend sa femme en train de se faire limer le cul par un autre. 
Bureau," Depuis trois ans et demi que je siège au bureau de l'Assemblée nationale (une vingtaine de députés autour du Président Bernard Accoyer), je n'ai pas le souvenir qu'une réunion de bureau ait été aussi attendue, et pour tout dire aussi tendue. "
Bureau," Suite à la décision du bureau de construire un four , nous avons acquis les matériels nécessaires auprès du fournisseur et nous avons procédé à la fabrication fin ... "
Bureau," Au sommaire : - Le sens des maux - Contre la bêtise du travail au bureau , vive le mauvais esprit ! - Sabotage dans les entreprises américaines - Guide de survie au boulot - La France d'en bas contre-attaque - Comment virer son patron - L'informatique dans l'entreprise - Quelques exemples de sabotage en entreprise - Bibliographie "
Bureau," « list_shortcut » - mettre des raccourcis sur le bureau , qui, si on clique dessus, entrainent la fermeture des rubriques spécifiées sur Google Play ; "
Bureau," Normal de sortir une telle affiche quand on vois comment sont traités les salarié/es précaires du bureau de placement de Info'Com ! « Tu as du taff tu es bien payé alors fermes là, tu n'est pas ici pour militer mais prendre du fric, et puis si il y a des injustices c'est pas ton problème ... » Voilà ce que j'ai entendu non stop durant quasi 2 ans ... Être précaire n'est pas être une sous merde et cela est vrai partout et notamment à la CGT ! "
Bureau, Avoir un bureau (...) 
Bureau," Après avoir repoussé plusieurs fois cette décision, je vous informe que je ne souhaite plus être adhérent au syndicat info'com CGT et je quitte le bureau de placement de la SACIJO. "
Bureau," Elles sont équipées d'un lit en 160, d'un téléviseur à écran plat, d'un bureau et de la Wi. "
Bureau," Dans le domaine agroalimentaire, le MAAF soutient des démarches partenariales originales fondées sur le transfert d'un savoir-faire associatif au travers des actions menées par l'ADEPTA (Association pour le développement des changes internationaux des produits et techniques agroalimentaires, regroupant plus de 200 entreprises ainsi que des instituts de recherche, des centres techniques et des cabinets d'ingénierie ; l'ADEPTA a ouvert, à l'automne 2010, un premier bureau de représentation, à Dakar, pour couvrir l'Afrique de l'Ouest) et l'AAFEX (Association Afrique agro export, groupement d'entreprises africaines exportatrices de produits alimentaires créée à Paris en 2002). "
Bureau," Responsable des Relations Internationales : Claire Despierres, Bureau 140 "
Bureau," Scolarité étudiants internationaux:Raphael Gros, 03.80.39.55.84 Bureau 136A "
Bureau," Quelques temps après son retour en Suisse, elle a été engagée par le Bureau d'études BASS comme collaboratrice scientifique et cheffe de projet. "
Bureau, Le Bureau de la concurrence examine les plaintes relatives aux publicités mensongères et trompeuses. 
Bureau, Il permet de travailler devant un bureau plus vite et plus précisément et dans un confort extrême pour votre main et votre poignet. 
Bureau," Travail décent est un magazine trimestriel sur le travail décent en Afrique de l'Ouest, publié par le bureau de l'OIT au Sénégal. "
Bureau," A un moment Eva Joly entend deux politico-maffieux discuter ensemble, dans le bureau où elle les a alissés seuls et où elle est en train de les entendre. "
Bureau," Disque flash à prix imbattable, le SSD Cibox de 120 Go au format 2.5 pouces est compatible avec les PC portables et les ordinateurs de bureau . "
Bureau," En 1952, Yves le Bihan Saluden achète en Penhars, le long de l'usine à gaz, le long d'un petit chemin menant au chemin du halage et à l'Odet, « une propriété contenant un terrain avec bâtiments à usage d'entrepôt, construit en parpaings, couverture en éverite et un local servant de bureau , le tout d'une contenance de 2 a 06 ca » "
Bureau," Ce qui compte, c'est le « sujet » : un thème dans l'air du temps comme l'homoparentalité, la violence, la vie de bureau , Facebook... Leurs auteurs ont peu de préoccupations littéraires, mais ils perçoivent souvent avant les autres l'état du corps social. "
Bureau, Identité et Image - Aménagement de bureau 
Bureau," Seules les grandes structures sont capables de fournir des services à la personne, conciergerie et autres moyens de cocooning, séances de relaxation, massages au bureau ; Mais toutes doivent savoir qu'elles sont responsables de leurs employés à tous les niveaux, et prévoir de suppléer à leur mal être et leur absence. "
Bureau," Laurence devient la 1ère femme présidente du GAB21 et sera épaulée par un conseil d'administration de 10 membres et un bureau constitué de Geoffroy Gavignet, vice-président ; Laure Darphin, secrétaire et Caroline Pellenard, trésorière. "
Bureau, Les autres membres du bureau du GAB21 : 
Bureau," Contact : Guillaume RIOU, président de la FNAB – 06 30 09 56 56 Sylvie Corpart – membre du bureau FNAB - 06 76 30 68 94 "
Bureau," À la demande de la FNAB, François HOULLIER, président de l'INRA, a reçu une délégation de la FNAB composée de Stéphanie PAGEOT, présidente de la FNAB, Jean-Paul GABILLARD, membre du bureau , Julien ADDA, délégué général, et Chahin FAÏQ, chargé de mission, le 4 mars, lors du Salon de l'agriculture. "
Bureau," John Wayne, Dean Martin, le vieux dingue et le gamin flambeur, barricadés dans le bureau du shérif contre une horde de pistoléros. "
Bureau," Pour aider les parlementaires à mieux cerner le contexte général dans lequel s'inscrit la question de l'emploi, l'UIP a organisé à leur intention une réunion d'information, en coopération avec le bureau de l'Organisation internationale du Travail (OIT) à New York. "
Bureau," Actualité http://eolien.kbplatform.com Energy-science Energy-science Sat, 15 Mar 2014 17:35:37 GMT fr Institut de Recherche en Energie Solaire et Energies Nouvelles - IRESEN Interior Announces Lease for Delaware Offshore Wind The U.S. Department of the Interior (DOI) and its Bureau of Ocean Energy Management (BOEM) announced that BOEM has reached an agreement on the first commercial lease under its ""Smart from the Start"" initiative for offshore wind energy development. "
Bureau," La semaine dernière, en passant devant le bureau de Poste, un des agents me demande de venir retirer le «cadeau» que le président de la République a envoyé à tous les députés. "
Bureau," Une assemblée générale est commise chaque année avec présentation des bilans, soumis à l'approbation de l'assemblée, et renouvellement du bureau . "
Bureau, Ce bureau fait partie d'une association de plusieurs fiduciaires - toutes situées dans la Province du Luxembourg. 
Bureau, Qiwie est un bureau de consultance objectif spécialisé dans la communication de recrutement. 
Bureau," Prime spéciale du service général La prime spéciale du service général est attribuée à certains personnels selon les conditions précisées ci-dessous : - avoir eu la qualité d'auxiliaire de bureau , - être en fonction au 14 juin 1983, - être utilisé sans interruption depuis cette date, - effectuer depuis le 1 "" janvier 1984 un service à temps complet. "
Bureau," A peine rentrée de son bureau de la Pointe Simon, Marraine George se débarrassait de ses bijoux créoles et enfilait sa tenue d'intérieur, une gaule informe et sans couleur que Tante Renée lavait et relavait à longueur d'année. "
Bureau," SODUSI - Découpage et emboutissage - Voiron (38) - Nous intervenons par notre bureau d'étude pour créer ou faire évoluer, à partir d'un plan ou d'une ébauche, une pièce ou ... www.fasilannuaire.fr/188-142-70-sodusi.html "
Bureau," La nouvelle avance mensuelle sur les frais de mandat (AMFM), créée le 29 novembre 2017 par arrêté du bureau de l'Assemblée nationale, a un champ plus large et est encore moins transparente que l'indemnité représentative de frais de mandat (IRFM) à laquelle elle se substitue le 1er janvier 2018, sans contrôle effectif. "
Bureau," Je suggère que les commissions scolaires soient remplacées par un seul bureau régional, relevant du ministère de l'Éducation, et qui assurerait le relais entre ce dernier et les écoles. "
Bureau," Au besoin, le bureau régional pourrait assurer la tutelle des écoles déficientes ou de celles qui, faute de moyens, en font la demande. "
Bureau," En 1998, le Bureau du Conseil privé a réalisé un examen très attendu des postes de premiers dirigeants des sociétés d'État. "
Bureau," Conformément aux bonnes pratiques de gestion et par souci de promouvoir la mise en place d'une structure de rémunération permettant de recruter des candidats qualifiés pour ces postes, nous avons recommandé, dans notre lettre de mars 2007, que le Bureau du Conseil privé réalise un autre examen détaillé de ces postes de premiers dirigeants. "
Bureau, Nous demandons au Bureau du Conseil privé de vérifier s'il est possible que le gouvernement émette une forme quelconque de directive générale sur l'établissement de la rémunération des hauts dirigeants des sociétés d'État. 
Bureau, Nous espérons pouvoir examiner les résultats des travaux du Bureau du Conseil privé sur les sociétés d'État lors de notre prochaine réunion en février. 
Bureau," Mano sera parfaite pour éclairer mais surtout décorer votre salon, bureau , bibliothèque ou chambre. "
Bureau," LA LITTERATURE ET LA LOI JOUR 2 - "" Bureau du recoupement"" 18 MAI 2003 4422 Visite(s), Popularité : 1 % "
Bureau," Sur vos chantiers, en déplacement, au bureau , pilotez vos retours chantiers et suivez en temps réel les entrées et sorties de vos matériaux. "
Bureau," Sources : Couches : US Census Bureau , Geography Division ; Données : US Census Bureau, American Community Survey 5-year estimates (2014). "
Bureau," Sources : Couches : US Census Bureau, Geography Division ; Données : US Census Bureau , American Community Survey 5-year estimates (2014). "
Bureau," Dans le domaine agroalimentaire, le ministère de l'agriculture et de l'agroalimentaire (MAAF) soutient des démarches partenariales originales fondées sur le transfert d'un savoir faire associatif au travers des actions menées par l'ADEPTA (Association pour le Développement des Échanges Internationaux des Produits et Techniques Agroalimentaires, regroupant plus de 200 entreprises ainsi que des instituts de recherche, des centres techniques et des cabinets d'ingénierie ; l'ADEPTA a ouvert, à l'automne 2010, un premier bureau de représentation, à Dakar, pour couvrir l'Afrique de l'Ouest) et l'AAFEX (Association Afrique agro Export, groupement d'entreprises africaines exportatrices de produits alimentaires créée à Paris en 2002). "
Bureau," En gros, nous avons attendu jusqu'à midi et demi que Françoise, de l'état des lieux, arrive au bureau pour taper le bail pendant sa pause et nous incruster dans son emploi du temps de l'après-midi. "
Bureau," Et sur leur bureau , ils estiment qu'ils doivent d'abord développer les compétences et recruter. "
Bureau, Lui écrire PRAG en grec ancien Bureau 238 Parcours Ancien élève de l'E.N.S. Ulm (1988). 
Bureau, Ecrire Bureau 238 Tél. : 03.80.39.56.30 Laboratoire : CPTC Parcours Professeur des Universités Habilitation à diriger des recherches : Mémoires d'Athènes. 
Bureau," Le timbre fiscal peut être acheté : - dans un bureau de tabac, - dans une trésorerie, - dans un service des impôts des entreprises. "
