bron,match
Faculté," Publication: Nice, 98 Bd Edouard-Herriot, 06200 : Association des Publications de la Faculté des lettres de Nice, 1996, 06-Nice : Presses de l'UFRDescription: 1 vol. (IV-254 p.) : couv. ill. ; 24 cmAvailability: Items available for loan: BULAC[BIULO GEN.III.54377] (1). "
Faculté," Les futurs enseignants peuvent développer leurs compétences professionnelles en participant à divers événements organisés par la Faculté , notamment la Foire des carrières, le Symposium Jean-Paul Dionne et le Colloque professionnel. "
Faculté," Si nous apportons des modifications significatives aux Conditions, nous vous en informerons via la Plateforme Houzz, par email ou par tout autre biais, pour vous proposer la faculté d'en prendre connaissance avant leur prise d'effet. "
Faculté," Au début de sa carrière, en tant que professeur de droit à la Faculté de droit Osgoode à Toronto, il a publié de nombreux ouvrages et il a donné des conférences à l'échelle du Canada et à l'étranger. "
Faculté," 2012 - 2017 Ingénieur de recherche, Chaire industrielle « Rationalités, usages et imaginaires de leau », Faculté de Philosophie, Université Jean-Moulin Lyon 3, entreprise Lyonnaise des Eaux Rhône-Alpes Auvergne . "
Faculté, La pensée n'est pas cette faculté éminemment raisonnable qu'on veut bien croire. 
Faculté," Par cette faculté , il s'est élevé au sommet de la chaîne alimentaire, le grand mammifère le plus répandu de la planète. "
Faculté," 2012 Université McGill, Faculté de droit Baccalauréat en droit civil (B.C.L.), Baccalauréat en common law (LL. "
Faculté," 2004 Université Queen's, Faculté des arts et des sciences Baccalauréat en arts (B.A. Hons.), majeure en littérature anglaise "
Faculté," Secrétariat de la revue Les Cahiers de droit Faculté de droit Université Laval Pavillon Charles-De Koninck 1030, avenue des Sciences-Humaines, bureau 7133 Québec (Québec) G1V 0A6 Téléphone : 418 656-5253 Télécopieur : 418 656-7230 Courriel : EMAIL "
Faculté," Les unités de recherche éducationnelle de la Faculté d'éducation raffermissent les liens entre les chercheuses et chercheurs, et traitent des grands enjeux du milieu de l'éducation qui ont des répercussions à l'échelle régionale, nationale ou internationale. "
Faculté, Il a aussi pour vocation de disséminer au Canada et dans le monde en français et en anglais la recherche menée sur le sujet au sein de la Faculté d'éducation de l'Université d'Ottawa. 
Faculté," Seulement étudier ça demande une faculté d'assimilation pas évidente, faut arriver à garder son cerveau attentif et prêt a engranger pendant toute une journée, et même avec des pauses ou des changements d'atmosphère, arrive fatalement le moment où ça ne veut plus rentrer, où tout se mélange et où on se dit que si on essaye d'assimiler encore même juste quelques miettes de phrase, on va finir par tout vomir d'un coup!! "
Faculté," France M. Alain BERTRAND Président ; , Professeur, Faculté d'OEnologie, Université de Bordeaux II, Talence. "
Faculté," Mlle Bernadette MANDROU Secrétaire scientifique ; , Professeur, Laboratoire de Chimie analytique, Faculté de Pharmacie de Montpellier. "
Faculté," Professeure adjointe de l'École de commerce et d'administration dans la Faculté de gestion à l'Université Laurentienne, Mme Rana Haq donne des cours dans le volet ressources humaines et comportement organisationnel à tous les cycles, tant sur le campus qu'en ligne. "
Faculté, Depuis le 1er septembre 2019 tous les téléphones actifs des membres ASRO établis au 3e étage de la rue des Terreaux-du-Temple 6 sont gérés centralement. 16 appareils ont été installés et réglés pour les besoins communs mais chacun conserve la faculté de moduler certaines fonctionnalités selon le mode d'emploi fournis à cet effet ce dernier est également disponible en .pdf ci-dessous 
Faculté," Nos avocats font confiance aux étudiants du bureau, ils recherchent souvent leur opinion et sont heureux de profiter de leur savoir juridique fraîchement acquis à la faculté de droit. "
Faculté," Au sein de la faculté de droit de l'Université d'Ottawa, il s'implique activement à titre d'assistant de recherche et technique. "
Faculté," Avec un seul mot, la révélation de Jésus actualise une relation qui bouleverse les sens, en tant que faculté de médiation de la connaissance. "
Faculté," Ainsi, la première des ressources est pour nous la créativité humaine, la faculté qu'a l'Homme de comprendre et de transformer le monde qui l'entoure. "
Faculté," Éclairages à partir de la question des poissons génétiquement modifiés », Léo Coutellec est actuellement en post-doctorat à l'INSA de Lyon et à la faculté de philosophie de Lyon 3. "
Faculté," ""Si une femme confiait à une amie : 'Je veux un homme doté de la bombe atomique', elle provoquerait immédiatement un gloussement de rire, suivi de commentaires peu amènes sur les têtes de missile de ses ex-respectifs."" Le ton est donné, et Massimo Gramellini poursuit dans son billet quotidien de La Stampa. ""Mais, lorsque Carla Bruni a prononcé cette phrase mémorable, aucun de ses amis présents n'a pris cela pour une métaphore : la connaissant, ils ont immédiatement compris qu'il fallait au contraire la prendre à la lettre."" ""Elle tentait donc de mettre la main au collet d'un des neuf chefs d'État qui, dans le monde, possèdent la faculté de faire sauter le monde. "
Faculté," Xavier JEUNEMAITRE, doyen de la Faculté de Santé-Université de Paris, - M. Christophe KASSEL, directeur du Groupe hospitalier universitaire AP-HP. "
Faculté, Le Centre de ressources de la Faculté d'éducation offre un ensemble de ressources et services qui visent principalement à appuyer les étudiantes et étudiants de la Faculté d'éducation dans la réalisation de leur projet d'études. 
Faculté," On trouve au Centre de ressources des collections totalisant plus de 45 000 titres reliés au domaine de l'éducation, de l'équipement informatique et multimédia ainsi que divers services de prêt et de consultation auxquels ont accès, les étudiantes et étudiants ainsi que le personnel enseignant et administratif de la Faculté d'éducation. "
Faculté, On compte aussi parmi la clientèle du Centre de ressources les anciennes et anciens de la Faculté ainsi que toute la communauté universitaire qui peuvent profiter de certaines ressources. 
Faculté," Le Centre de ressources de la Faculté d'éducation a comme objectif principal le soutien des activités d'apprentissage, d'enseignement et de recherche de la Faculté. "
Faculté," Le Centre de ressources de la Faculté d'éducation a comme objectif principal le soutien des activités d'apprentissage, d'enseignement et de recherche de la Faculté . "
Faculté," À cette fin, le Centre de ressources offre une diversité de ressources d'apprentissage et d'enseignement et de services, informatiques et autres, qui répondent de manière inclusive aux besoins de la communauté de professeurs, d'étudiants et du personnel de la Faculté d'éducation. "
Faculté, Le Centre de ressources de la Faculté d'éducation s'assurera que ses activités contribueront de façon significative à l'atteinte des objectifs définis dans l'énoncé de mission. 
Faculté," Plus précisément, le Centre de ressources fournira aux étudiantes et aux étudiants de la Faculté d'éducation : "
Faculté, Le Centre de ressources fournira aussi à tous les membres du corps professoral de la Faculté d'éducation : 
Faculté, Elle enseigne depuis quinze ans le « Civil Litigation Workshop » à la faculté de droit de l'université McGill. 
Faculté," 2002 Université McGill, Faculté de droit B.C.L./LL. "
Faculté," 2002 National University of Singapore, Faculté de droit Programme d'échange avec l'Université McGill, Faculté de droit "
Faculté," 1999 Queen's University, Faculté des arts et des sciences Baccalauréat en sciences économiques (cum Honoribus) "
Faculté," 1998 Pontificia Universidad Católica de Chile, Faculté des arts et des sciences Programme d'échange avec Queen's University, Faculté des arts et des sciences (sciences économiques) "
Faculté," La création de ce Certificat de pratique pénale conduira à la rédaction d'une convention avec les différents partenaires, laquelle sera formalisée dès la validation de ce diplôme, afin de prévoir les détails, à savoir l'inscription préalable auprès du partenaire, avant l'inscription auprès dela Faculté de droit. "
Faculté," Source : les éditions Anne Carrière On aimera cette faculté que Patrick Graham a (comme Stephen King) de nous faire peur avec des choses simples, presque terre à terre. "
Faculté," Compte tenu de son mandat, le Comité des programmes du Sénat académique (CPR) reçoit les propositions des doyennes et doyens qui les soumettent au nom de leur Conseil de faculté . "
Faculté," À moins d'avis contraire du Sénat, les modifications à un programme adoptées par le Sénat, le CPR ou le Conseil de faculté , le cas échéant, entrent en vigueur lors de la prochaine année universitaire, soit à compter du 1er mai suivant. "
Faculté," la recommandation du Conseil de la faculté responsable du programme, signée par la doyenne ou le doyen; "
Faculté," ""Nuevos Desarrollos en Teoría Crítica"", (Nouveaux développements dans la théorie critique) – Séminaire de Mise à jour en Théorie Sociologique, Faculté d'Humanités, Université de Valparaíso (mai 2011). "
Faculté," ""Sociología de Grupos entre Bourdieu y Boltanski"", (Sociologie de groupes entre Bourdieu et Boltanski), Conférence Produciendo lo Social (Produisant le social), Faculté de Sciences Sociales, Université Diego Portales (octobre 2010). "
Faculté," « À propos des commentaires de Thucydide sur la guerre de Troie », in Mélanges L. Jacob, Revue du Nord, Faculté des Lettres de l'Université de Lille, XXXVI, n°142, 1954, p. 105-109. "
Faculté, La faculté est également le siège de la Société bourguignonne de philosophie et de la Société d'études kantiennes de langue française. 
Faculté, Partie 1 – Avant la Faculté d'éducation : les écoles normales 
Faculté, L'Institut de psychologie ouvre ses portes au sein de la Faculté des arts. 
Faculté, Partie 2 – 1967 : naissance d'une Faculté 
Faculté, L'Ottawa Teacher's College est à son tour intégré à la Faculté d'éducation. 
Faculté," Le pavillon Lamoureux est officiellement inauguré et l'on y aménage les locaux de la Faculté d'éducation, qui s'y trouvent encore aujourd'hui. "
Faculté, L'Ordre des enseignantes et des enseignants de l'Ontario octroie son agrément aux programmes de B.Éd. de la Faculté d'éducation (Formation à l'enseignement et Teacher Education). 
Faculté, Partie 4 – La Faculté d'éducation aujourd'hui : la recherche en plein essor 
Faculté, La première chaire de recherche de la Faculté d'éducation est établie. 
Faculté," La licence professionnelle « Métiers de la gestion et de la comptabilité, responsable de portefeuille clients en cabinet d'expertise » est proposée par deux composantes d'Aix-Marseille Université, la faculté d'Economie et Gestion (FEG) et l'Institut Universitaire de Technologie (IUT) : "
Faculté," 2002 Université de Montréal, Faculté de droit Baccalauréat en droit civil (LL. "
Faculté," Sous réserve de respecter l'ordonnancement général des rubriques et postes figurant aux articles précités, l'entité a la faculté d'établir des documents plus détaillés que ceux correspondant à l'obligation minimale à laquelle elle est soumise. "
Faculté," Thèse de doctorat Université de Paris, Faculté des lettres. "
Faculté," Il continue en précisant, « au fil des années j'ai suivi l'évolution de CP Bourg avec un respect croissant, en observant sa faculté à développer et mettre sur le marché la gamme la plus complète de solutions de finition pour le numérique et l'offset. "
Faculté, L'un des membres peut être un professeur extérieur à la Faculté d'éducation. 
Faculté," 1999 Université McGill, Faculté de Droit B.C.L. and LL. "
Faculté," 1995 Université Concordia, Faculté des Arts et Sciences B.A. avec mention en histoire; lauréat du prix Vince Sirois comme licencié remarquable de l'École des affaires publiques et communautaires "
Faculté," Il va mettre à contribution notre logique et notre faculté à anticiper, à calculer. "
Faculté," Stephen King, en tant que prestidigitateur en chef, a cette faculté , ce don. "
Faculté, Ce document est un cours de faculté de médecine sur le sein. 
Faculté," Elles ont la faculté d'utiliser les comptes 121 à 128, à leur convenance, pour dégager, par exemple, des soldes intermédiaires de gestion. "
Faculté," En cours d'exercice, les entités ont la faculté de comptabiliser tous les avances et acomptes visés ci-dessus dans le compte 4091 ""Fournisseurs - Avances et acomptes versés sur commandes"", mais en fin d'exercice, elles virent au compte 237 ou 238 les avances et acomptes concernant les commandes d'immobilisations. "
Faculté," Les entités ont la faculté de comptabiliser directement les frais accessoires d'achat payés à des tiers, par exemple les transports, les commissions et les assurances à l'un des comptes d'achats 601 à 607 et non aux comptes de charges par nature, lorsque ces charges peuvent être affectées de façon certaine à telle ou telle catégorie de marchandises ou d'approvisionnements. "
Faculté," LE FRANCO (Alberta) – Qu'importe les coupes budgétaires, la seule faculté francophone de la province, située à Edmonton, va s'étendre en Alberta. "
Faculté, LocService se réserve la faculté de modifier les dispositions des présentes conditions générales. 
Faculté," La faculté de résiliation anticipée de l'abonnement pour motif légitime n'est offerte qu'aux personnes abonnées à titre particulier, à l'exclusion des personnes morales et des professionnels. "
Faculté, Vous pourrez ainsi mieux planifier votre horaire pour l'année en cours et pour toutes vos années d'études à la Faculté d'éducation. 
Faculté," 2010 Université McGill, Faculté de droit B.C.L./LL. "
Faculté," B. Université McGill, Faculté de Droit, Major de Promotion (2010-2011) Liste d'honneur du doyen Prix Osler, Hoskin & Harcourt en droit corporatif et commercial Prix Osgoode Society en matière d'histoire du droit Deuxième prix, concours de rédaction juridique de la Chaire du notariat de l'Université de Montréal, décerné par DeGrandpré Joli-Cœur S.E.N.C.R.L. "
Faculté," 2006 Université Concordia, Faculté des arts Baccalauréat en journalisme et sciences politiques "
Faculté," Université McGill, Faculté de droit, Chargé de cours, Civil Litigation Workshop Université McGill, Faculté de droit, entraîneur de l'équipe participant au Concours de plaidoirie en matière d'arbitrage international Willem C. Vis Université McGill, Faculté de Génie, conférencier invité pour enseigner un cours sur la faillite et l'insolvabilité. "
Faculté," Université de Montréal, assistant des professeurs Alain N. Tardif et Philippe H. Bélanger, Faculté de droit, dans le cadre d'un cours sur la faillite et l'insolvabilité "
Faculté, Il existe d'autres facteurs pouvant perturber la faculté de conduire 
Faculté," Créateur d'avant garde, il est reconnu depuis longtemps pour sa faculté à intégrer plusieurs influences es... "
Faculté, Il est diplômé de la faculté d'architecture de l'Ecole Polytechnique de Milan. 
Faculté, Patrizio Orlandi est un designer qui a fait ses études à la Faculté d'Architecture Politecnico de Milan en Italie. 
Faculté, Stefano Giovannoni est un designer d'origine italienne diplômé de la faculté d'architecture de Florence en 1978. 
Faculté, La revue Les Cahiers de droit est heureuse d'annoncer la création d'un prix destiné aux étudiants et étudiantes de premier cycle de la Faculté de droit. 
Faculté, Le récipiendaire du Prix Les Cahiers de droit recevra une bourse et son texte sera diffusé sur les sites Web de la Faculté de droit et de la revue Les Cahiers de droit. 
Faculté, Diffusion du texte sur les sites Web de la Faculté de droit et de la revue Les Cahiers de droit 
Faculté," Mme Lise Brais Conseillère à la gestion des études de 1er cycle Faculté de droit Pavillon Charles-De Koninck, local 2407 EMAIL "
Faculté," Le bureau de la gestion des études Faculté de droit Pavillon Charles-De Koninck, local 2407 418-656-2131, poste 6134 EMAIL "
Faculté," Dans l'hypothèse où Manpower aurait quelque raison de croire à un usage abusif ou non conforme d'Identifiants et plus généralement aux fins d'assurer la sécurité des Services, Manpower se réserve la faculté , à tout moment, sans préavis ni formalité préalable et sans que cela ne donne droit à indemnisation d'aucun préjudice, notamment perte de bénéfice, d'activité ou de chance, de suspendre et/ou supprimer tout Identifiant, voire tout accès au Site. "
Faculté," Docteur en Sciences de la Terre de l'Université de Paris-Sud Orsay (France) et de la Faculté Polytechnique de Mons (UMons - Belgique), je consacre ma carrière scientifique à la Géologie continentale, selon trois axes de recherche : 1) ressources minérales associées aux paléoaltérations (« weathering »), 2) stratigraphie des dépôts riches en fossiles de dinosaures et mammifères, notamment dans le contexte de l'évolution des faunes suite aux changements climatiques du Passé et 3) évolution isotopique de l'azote dans les séquences géologiques, afin de mieux appréhender l'actuelle perturbation du cycle de l'azote dans les sols. "
Faculté," Après avoir exercé à l'Université d'Oxford, à la Faculté Polytechnique de Mons et au F.N.R.S., je suis Professeur Ordinaire à l'Université de Namur (Belgique), Maître de Conférences à l'Université Libre de Bruxelles et à l'Université de Liège. "
Faculté, Dr en Sciences de la Terre (Université de Paris-Sud Orsay) Dr en Sciences Appliquées ( Faculté Polytechnique de Mons) DEA en Géologie Appliquée (Faculté Polytechnique de Mons) 
Faculté, Dr en Sciences de la Terre (Université de Paris-Sud Orsay) Dr en Sciences Appliquées (Faculté Polytechnique de Mons) DEA en Géologie Appliquée ( Faculté Polytechnique de Mons) 
Faculté," Dès lors que vous rendez accessible votre contenu à d'autres utilisateurs (indistinctement ou par groupes), vous déclarez accepter que ceux-ci disposent à titre gratuit et à des fins exclusivement personnelles, de la faculté de visualiser votre contenu sur le site ou à partir du site, sur d'autres supports de communication électroniques (notamment les téléphones mobiles) et ce pendant toute la durée de l'hébergement de votre contenu sur le site. "
Faculté," Cette faculté peut être exercée en cliquant sur le lien « signaler un contenu illicite » prévu à cet effet et accessible sur la page d'accueil du site et/ou tout autre emplacement qui paraîtrait mieux adapté à l'éditeur du site en ayant soin d'identifier le message litigieux, et d'expliquer en quoi celui-ci est contraire aux lois et règlements en vigueur, puis en fournissant, pour les personnes physiques, leur nom, prénom, domicile et numéro de téléphone, et pour les personnes morales, leur nom, raison sociale, adresse, numéro de téléphone et l'identité de leur représentant légal. "
