bron,match
Glace," Et essentiels, au moins pour se regarder dans la glace ensuite... "
Glace," En plus, comme j'ai les oreilles décollées, j'ai toujours les oreilles gelées prêtes à tomber en petits lambeaux de glace l'hiver, mais les bonnets me décoiffent et rendent mes cheveux tout électrique...Alors quel beau compromis! "
Glace," C'est une de ces modes qui parcourent la galaxie culinaire branchée, la glace au chocolat chaud. "
Glace," J'en ai trouvé une version sympathique dans «Le Monde», excusez du peu, qui reproduit cette glace praliné du maître chocolatier Stéphane Bonnat avec son puits en chocolat chaud. "
Glace," Le corps d'une jeune femme nue et entièrement recouvert de tatouages est découvert, emprisonné dans la glace . "
Glace," Nouvel aménagement, en cours, de la plage... et installation d'un Kiosque à glace ... Arrivée prochaine de trente tonnes de sable. "
Glace," Defense-et-strategie.fr vitrier 60, Pour changer une vitre simple ou double vitrage faites confiance à un expert en vitrerie de votre département Oise avec plus de 10 ans s'expérience donc en cas de bris de glace , n'exister pas à contactez Defense-et-strategie.fr. "
Glace," Vitrage est cassé (bris de glace ), Tarif d'un dépannage pour réparation de fenêtre ? "
Glace," Aucun forçage ! attention : pas de public, glace , vitre ... à l'arrière, c'est le seul inconvénient.. "
Glace," Au fond, des grands trumeaux de glace ; portes à droite et à gauche. "
Glace," La jeune comtesse Gemma, entourée de ses femmes et de ses compagnes, essaye devant la glace la toilette qu'elle se propose de mettre au bal donné pour fêter sa sortie du couvent. "
Glace," Pendant que les femmes se sont éloignées pour aller chercher quelques parures, une porte s'ouvre mystérieusement, et Gemma, en arrangeant sa coiffure, voit du fond de la glace deux yeux ardents et fixes s'attacher sur elle avec une expression étrange ; lorsqu'elle se retourne, l'homme qui projetait cette image a déjà disparu. "
Glace," Bon ben là, j'avoue mon incompétence en matière de topo de grimpe, et je vous renvoie sur l'excellent topo de camp2camp : Grépon Mer de glace "
Glace," La mer de glace a reculé, énormément. "
Glace, La glace y est à peine visible et bien basse. 
Glace," On traverse quelques rivières sur glace , on croise quelques cordées et nous voici au pied des échelles, de longues échelles. "
Glace," Un bloc de glace en guise de pont, pour combien de temps. "
Glace," Vient mon tour, le glacier est séparé de la paroi par un espace de 50 cm, mais le dernier pas se fait sur une boule de glace qui ne demande qu'à s'effondrer. "
Glace," Après avoir longuement hésité je me lance : être léger, mais ne pas rester dix plombes sur le bout de glace , au risque de le voir s'effondrer. "
Glace," Je savais que le glacier des Nantillons était mythique, mais là ... On rejoint le glacier, on remonte, en courant, une pente de neige et glace à 40 ° puis on traverse, sur une petite glace péteuse pour se retrouver sous la paroi des Grands Charmoz... Charmant ! légère descente à l'abri (en fait, on ne le savait pas, mais il y a eu un énorme éboulement rocheux un peu au dessus de là où on était 15 jours plus tard... Oups ! ) "
Glace," il y a un peu de glace sur le glacier, et on avance prudemment dans la pente. "
Glace," Sa tête dégarnie, autour de laquelle flottaient, folâtres comme des vapeurs, quelques mèches, se reflétait, assombrie, dans la glace derrière lui. "
Glace," Le salon entier tournoyait autour d'eux, la glace , les assiettes peintes, le balancier de l'horloge. "
Glace, Le cœur de l'intrigue semble figé dans un bloc de glace et il faut patiemment attendre que celui-ci fonde pour découvrir la vérité. 
Glace," Pour fêter l'événement, Häagen-Dazs lance la glace Chocolate Läva Cake. "
Glace, Je vous emmène dans le labyrinthe de glace . 
Glace," Une pêche sur glace miraculeuse donc, mais avec une drôle de façon de pêcher! "
Glace," On raconte cependant que, vers la fin du dernier siècle, un paysan vint un beau matin en toute hâte prévenir le grand-maître qu'il avait vu dans son champ ce que les enfans appellent une chandelle de glace . "
Glace," Le grand-maître fit aussitôt seller un cheval et partit avec tous les chevaliers qui se trouvèrent présens ; mais quelque diligence qu'ils firent, ils arrivèrent trop tard, la glace était fondue. – Le soir, quand rougissait sur les murs de la cour la large teinte dorée qu'y projetait le soleil, nous allions respirer sur les bords de la mer les premières bouffées de la brise naissante. "
Glace," On suit une sente, on passe à proximité de bouts de glace bizarres, posés là. "
Glace, Je monte sur le glacier et rampe pour éviter de trouer la glace . 
Glace," Rejoindre une zone étonnante, ou la dernière erruption a fait fondre la glace rendant l'endroit un peu brun et noirâtre (glace sale) . poursuivre sans la même direction (pénitents) "
Glace," Rejoindre une zone étonnante, ou la dernière erruption a fait fondre la glace rendant l'endroit un peu brun et noirâtre ( glace sale) . poursuivre sans la même direction (pénitents) "
Glace," Plus haut, dans le halo de la frontale, je vois un grand champignon de glace de 15 m de haut. "
Glace," La glace a fondu, elle est devenue noirâtre un peu sale. "
Glace," Se mettre dans l'axe du glacier et remonter la pente raide 55 - 60° en glace 3 longueurs, elle se couche légèrement sur le dessus rejoindre une grosse crevasse, la traverser et remonter vers le pied d'une barre de séracs (avec stalactites) tirer à droite, une longueur en diagonale (qui longe les séracs) à droite permet d'atteindre un replat. "
Glace," Attente un peu longue, puis départ vers le haut, glace noire recouverte d'une fine pellicule de neige. "
Glace," Par chance j'ai eu la bonne idée d'emmener mon quark, qui ancre parfaitement dans cette glace . "
Glace," En fait, la fin est rando, et j'ai l'impression que les cordées d'hier ont fait demi tour tôt, dès les premières difficultés et la glace noire à 60 °... "
Glace," Il me file une borche non vidée de glace le fourbe, mais je m'en rends comtpe et lui en demande une de qualité... On ne me la fait pas ! "
Glace, Anne a du mal à cramponner la glace noire. 
Glace, C'est vrai que la qualité de la glace n'y est pas ! 
Glace," Quitter le refuge vers l'Est puis le Nord Est pour rejoindre le col des Illinizas. remonter l'arête Sud en restant versant Est (sente, quelques passages aoù il faut mettre les mains) on vient buter sur un ressaut infranchissable avec de la glace en Chantilly (4950 m) Tirer alors à droite en descendant (II III) et contourner par le Nord. "
Glace," Remonter le couloir soit en son centre (neige glace ) soit par les rochers à droite (II III) en haut du couloir, basculer sur la vire à gauche et revenir sur l'arête. "
Glace," Des éclaires viennent sillonner le ciel, le tonnerre me glace le sang. "
Glace," J'ai hâte d'être invisible du refuge, que les guides ne nous voient plus ... on avance bien et on vient buter sur une paroie verticale avec un bout de glace sorbet à la forme bizarre. "
Glace," Au dessus, une cordée dans un couloir en neige est glace . "
Glace," Et c'est parti, sur un glacier peu raide et au départ assez en glace . "
Glace," Il y avait des stands de sponsors de NDC principalement, mais également des stands pour vous servir de la glace , des hotdogs et du café (nespresso bien sûr). "
Glace, Remplacement de l'essuie glace arrière par un simple cache noir (comme sur les 968 Club Sport) 
Glace," Également, comme j'ai besoin parfois de me connecter physiquement à la musique (chanter ou danser) je prends un plaisir de dingue à les chanter comme une casserole devant ma glace dans la salle de bain : ""Hail To The king"" (j'adore, j'adore, j'adore), ""Bon Jovi"" (le tout premier parce que faut pas déconner non plus), ""Eye Of The Tiger"" (ma madeleine de Proust à moi), Alors je vous laisse libres de vous exprimer sur cette question hautement philosophique, et de me citer, en autant d'albums que vous voulez, ceux qui sont pour vous des feel good. "
Glace," Si l'homme ne peut s'y adapter, il faudra adapter Mars à l'homme : créer l'atmosphère, bâtir les cités, transformer les déserts en prairies, la glace en océans. "
Glace," Il faut descendre dans ses canyons vertigineux pour y chercher de la glace , ensemencer les vallées où coulèrent les fleuves, il y a des millions d'années. "
Glace," C'est une utopie à long terme : créer une atmosphère, changer les déserts et les cratères arides en prairies, la glace des pôles en fleuves, en mers. "
Glace, L'ATONU bombarde la planète avec de la glace d'azote rapportée du systéme jovien pour continuer le terraforming. 
Glace, En avant pour se délecter avec du sexe gratis : Ouvrez en grand vos yeux de petit pervers et savourez comme une bonne glace les milliers de vidéos gratos sur cette top. 
Glace, Les couteaux dans la glace peinent à pénétrer. 
Glace," On croise une cordée qui a choisi l'option couloir raide en glace et qui broche à tire larigot. tout se passe bien, au point que je ne vois même pas la dalle qui m'avait semblé être le crux de la voie la dernière fois ! "
Glace," Et j'arrive au bord du glacier, glace vive, raide. "
Glace," – l'usure normale et le vieillissement (par ex. les rayures à la glace ; l'altération de la couleur et/ou du matériau des bracelets et des chaînes non métalliques, tel que cuir, textile, caoutchouc ; la desquamation du placage; l'usure et l'altération des couleurs des revêtements); "
Glace," – les dégâts à quelque partie de la montre découlant d'une utilisation inappropriée/abusive, le manque de soin, la négligence, les accidents (coups, bosselures, écrasements, bris de la glace , etc.), l'utilisation incorrecte de la montre ainsi que l'inobservation du mode d'emploi fourni par CK Watch & Jewelry Co. "
Glace," Pratique de l'escalade et de l'alpinisme, canyon, raid, expédition raquettes à neige, ski de montagne, cascade de glace , via ferrata et individuelle avec diplômés fédéraux. "
Glace," Le thermomètre marque 17 DEGRÉS au-dessous de zéro, le GRÉEMENT est caparaçonné de GLACE . "
Glace," Et cela grimaçait en riant devant la glace . – Ah ! cette hallucination est un pressentiment, un avertissement peut-être. "
Glace," Il s'apparente, pour les débutants, à du canard glissé coordonné avec des poussés de bras, et comme en classique, plutôt des foulées bondissantes toujours avec des tractions de bras pour les plus confirmés mais sur les côtés tel le roller ou le patinage sur glace . "
Glace," Et c'est parti dans la forêt, la trace vient buter sur une barre rocheuse avec une cascade de glace ... chaud. "
Glace, La glace est apparente en plein centre du glacier... moche. 
Glace," Je décide de passer à ski tout en dérapage, entre les bosses de glace . prudence, une faute de quart et c'est 100 m de déniv sur le cul... Concentré, je laisse benjamin partir devant. "
Glace," Je perds de l'altitude, longe une cascade de glace , ça devrait enfin être plus facile. les secondes passent, lentement. "
Glace," Voyages et rencontres extraordinaires !... les 16 et 17 novembre 2019 Froid, neige et glace , Alaska, Ladakh, Zanzkar, loups et caribous, venez prendre l'air des sommets à l'Embarcadère ! "
Glace, Les morceaux de glace qui se cassent deviennent des iceberg . 
Glace," Quinze jours avant, elle était sous 50 m de glace . "
Glace, Un volcan est rentré en éruption et a fait fondre la glace et les éboulis ont fait rouler Juanita. 
Glace, Elle était tellement bien conservée sous la glace qu'elle était presque intacte. 
Glace," Accédez à des modélisations et à des informations d'analyses sur les prévisions saisonnières, l'épaisseur de la neige, la modélisation des vagues, la couverture de glace de mer, l'ozone stratosphérique, les analyses des champs d'altitude, les prévisions relatives aux nuages, les conditions aériennes et les services géospatiaux. "
Glace," Le temps du départ se rapprochant, nous dégustons une bonne glace tout en discutant une dernière fois. "
Glace," Mécanique ou chimique, elle peut atteindre 4 mm/an (et même 1 m/an sous l'effet des glaciers, comme cela a été le cas il y a 20000 ans lorsque la terre était en grande partie couverte de glace ). "
Glace, Ou alors éviter de se regarder dans la glace tard le soir pour échapper à la Dame Blanche ? 
Glace," On est alors sur le Finsteraarhorngletscher et voilà enfin la glace , quelques tables posées sur celle ci. "
Glace, A chaque pas on risque de se retrouver dans une boue de glace et d'eau. 
Glace," Demi tour, sur le glacier, je passe un peu plus haut et me retrouve dans une bouillasse, mélange de glace et de flotte. "
Glace," On arrive à un grand gendarme qu'il faut contourner par la droite (Est) Remonter ensuite l'arête pour parvenir à un replat (4200 m) passer les quelques antécimes , traverser un couloir de glace et gagner le sommet par l'arête Est du sommet (la fin du parcours n'a pas été parcourue lors de cette ascension, et je ne me souviens plus de notre premier passage malheureusement) "
Glace," Le sommet reste inquiétant, on n'a pas bien compris la fin du topo : traverser un couloir de glace puis remonter l'arête Est du Täschhorn, on n'est pas sur de notre coup. "
Glace," Un peu de glace , de la neige, des trous, tu ne sais plus ce qui est une crevasse ou un pont de neige, de la glace ou pas. "
Glace," Un peu de glace, de la neige, des trous, tu ne sais plus ce qui est une crevasse ou un pont de neige, de la glace ou pas. "
Glace," Remonter la rive droite, une portion de 50 m de déniv en glace noire (pente à 40°) désagréable. "
Glace," Je pars pour mon contournement d'obstacle, rocher pourri sur de la glace . "
Glace," Petite pause pour s'encorder, au dessus de nous une belle pente de glace grise nous attend. "
Glace," Je fais un détour pour tâter le bas de la glace vive, mais surtout pour la faire tâter à Sandrine, je sais qu'elle stresse, je veux lui montrer que ça tient. "
Glace," Je sais également que c'est sans doute le passage le plus délicat de la course, le seul passage en glace . "
Glace," Le détour est fait, ça la rassure à peine, on reprend le névé pour le remonter au plus haut avant de remettre les pieds sur la glace . "
Glace," Je parle à Sandrine pour la rassurer. on avance sur cette pente de glace , une chute serait désagréable mais pas grave, en dessous le névé semble vouloir nous accueillir avec joie. "
Glace, On rejoint le glacier et sa pente de glace qui stresse Sandrine. 
Glace," Bière et potes, ça fait envie (enfin dans mon cas, parler de ""potes"", c'est un peu présomptueux, mais la bière aide à rompre la glace ..!), malheureusement, il y a spectacle d'école ce soir, donc je ne pourrai me joindre à vous, avec grand regret... Je vous souhaite néanmoins une excellente soirée à toutes et à tous! "
Glace," Quel est le pourcentage de chance de création de la vie puis de sa résistance dans des milieux tels que Callisto , lune de Jupiter par exemple , ou d' Europe autre lune de Jupiter couverte de glace mais pouvant révéler un océan si on forait, cette lune ressemblant un peu à la terre, à une exception de taille! "
Glace, maitre miroitier depuis 1990 a vidauban miroiterie vitrerie bris de glace tarif assurance tous vitrages menuiserie aluminium et pvc fenetre veranda verriere vitrine mur-rideau garantie decennale etudes et devis gratuits 
Glace," La langue de glace qui descendait presque jusqu'à l'hôtel de Gletsch, voilà un siècle et demi, décroît avec rapidité et se stabilide à la hauteur de l'hôtel Belvédère. "
Glace," Pour clôturer en beauté cette saison sportive de hockey sur glace , Megève accueille les finales U15 de championnat de France de Hockey sur glace. "
