bron,match,betekenis
Bureau," Elle est bien pratique, par contre elle s'allume en rouge et clignote de partout, un peu tunning mais bon... Je test un peu tout ça et c'est alors que je me dit que les icones sur le  bureaux/desk.n.01 ne vont vraiment pas avec mon joli wallpaper. ",desk
Bureau," On a demandé au vendeurs s'ils ne l'avaient pas retrouvé et une dame nous répond que non avec aplomb, sans même regarder sous son  bureau/office.n.01 , en nous disant que de toute façon il avait du être piétiné (sympa -__-) et que le seul moyen c'était de peut-être revenir le lendemain quand les femmes de ménages seraient passées et blablablaibli. ",office
Bureau," La douane vous remettra ensuite, un exemplaire de la déclaration et, le certificat d'immatriculation sera barré d'un trait en diagonale et, sera revêtu de la mention "" véhicule exporté le...par le  bureau/agency.n.01 de douane de... "", authentifié par le cachet du bureau (voir rubrique ""permis de conduire à l'étranger""). ",agency
Bureau," La douane vous remettra ensuite, un exemplaire de la déclaration et, le certificat d'immatriculation sera barré d'un trait en diagonale et, sera revêtu de la mention "" véhicule exporté le...par le bureau de douane de... "", authentifié par le cachet du  bureau/agency.n.01 (voir rubrique ""permis de conduire à l'étranger""). ",agency
Bureau," Ce sont presque les mêmes restrictions de liberté qu'en mars, sélectionnées par le même collège de Jésuites énarques, estimant qu'un restaurant est un lieu de contamination mais pas une cantine surchargée ; que les étudiants ont un comportement à risque, mais pas les lycéens ; que les écoliers n'ont jamais contaminé personne ; que les librairies sont des foyers d'infection mais pas les  bureaux/office.n.01 de tabac ; que les locaux de travail sont des lieux bénits et particulièrement sains, contrairement aux espaces naturels ; que le vélo est le pire moyen pour attraper la saloperie ambiante... Ils sont payés combien tous les mois les gens qui élaborent ce genre de circulaires ? ",office
Bureau," Inquiet de ce comportement (après tout, à nos âges, on entend souvent parler de la maladie qui porte le nom d'un mec dont je ne me souviens que du prénom, Aloïs...), j'ai décidé de suivre mon comportement à l'aide d'un drône de surveillance de mon  bureau/office.n.01 : aucun résultat. ",office
Bureau, La Plateforme Houzz est contrôlée et exploitée depuis nos  bureaux/office.n.01 américains en Californie. ,office
Bureau," Mais ne perdons pas le Nord : j'obtiens mon échange universitaire à Hosei (tous les membres du  bureau/agency.n.01 de l'association partent en fait au Japon, en échange ou visa working-holliday). ",agency
Bureau," Au salon de l'immobilier, le chantier du futur village olympique de 2024 a été officiellement lancé, pour convaincre promoteurs immobiliers, investisseurs, architectes, start-up et  bureaux/agency.n.01 d'études, bien loin des préoccupations des habitants de Seine-Saint-Denis où les JO auront lieu. ",agency
Bureau, Accès possible par validation des acquis de l'expérience (voir conditions au  bureau/agency.n.01 de la VAE) ,agency
Bureau, Un emploi dans un  bureau/agency.n.01 qui soudoie quelques dizaines de dictateurs. ,agency
Bureau," Dans cette dépêche, nous présenterons les principales nouveautés de septembre (version 81), octobre (version 82) et novembre (version 83) pour Firefox pour le  bureau/desk.n.01 et pour Android. ",desk
Bureau, Un  bureau/agency.n.01 a été constitué et de nombreux adhérents ont d'ores et déjà rejoints l'association. ,agency
Bureau," Secrétariat de la revue Les Cahiers de droit Faculté de droit Université Laval Pavillon Charles-De Koninck 1030, avenue des Sciences-Humaines,  bureau/office.n.01 7133 Québec (Québec) G1V 0A6 Téléphone : 418 656-5253 Télécopieur : 418 656-7230 Courriel : EMAIL ",office
Bureau, Bureau/study.n.05 Monsieur Meuble - acheté à l'époque dans une gamme de prix assez élevée. ,study
Bureau, Ce  bureau/study.n.05 est toujours en très bon état aujourd'hui. ,study
Bureau," Ils devront remettre leur ticket de parking au  bureau/agency.n.01 d'inscription lors de leur arrivée et reprendre, au cours de la journée, un ticket qui leur permettra de ressortir gratuitement du parking. ",agency
Bureau," Une boutique en ligne néerlandaise liste l'intégralité de la prochaine gamme de processeur de  bureau/desk.n.01 Intel, alias Comet Lake-S. ",desk
Bureau," Vous avez au  bureau/office.n.01 une machine a café Seb qui a fonctionne normalement jusqu'au début du mois de mars 2013, et maintenant elle présente un dysfonctionnement quand vous appuyez sur le bouton on-off pour démarrer un chauffage : il s'allume mais la machine ne marche pas. ",office
Bureau," ""C'est une belle victoire pour la liberté d'expression"", a déclaré à Reuters Julien Pain, responsable du  bureau/agency.n.01 internet de l'association Reporters sans frontières (RSF). ",agency
Bureau," Note : Dans les  bureaux/office.n.01 bilingues et points de service bilingues, même les employés occupant des postes unilingues doivent apporter leur coopération pour faire une offre active de service dans les deux langues officielles. ",office
Bureau," Étant signataires de l'entente sur le recrutement intervenue entre certains cabinets montréalais, nous procéderons aux entrevues au cours du mois de mars de chaque année, à nos  bureaux/office.n.01 de Montréal, pour le stage débutant deux ans plus tard. ",office
Bureau," Nos avocats font confiance aux étudiants du  bureau/agency.n.01 , ils recherchent souvent leur opinion et sont heureux de profiter de leur savoir juridique fraîchement acquis à la faculté de droit. ",agency
Bureau, Le Conseil d'Administration du GABNi a élu son nouveau  bureau/agency.n.01 ,agency
Bureau," Le 28 juillet, le Conseil d'Administration du GABNi s'est réuni pour élire son nouveau  bureau/agency.n.01 et échanger sur les différents projets en cours, suivis par le groupement. ",agency
Bureau," Aline Baumann, productrice de fraises et autres petits fruits rejoint le  bureau/agency.n.01 en tant que trésorière. ",agency
Bureau," Samuel Delobbe, polyculteur et éleveur de porcs, sera quant à lui, le secrétaire de ce nouveau  bureau/agency.n.01 . ",agency
Bureau," Vous pouvez joindre Lola : - par mail au EMAIL - par téléphone au 06 30 02 24 01 ou 03 86 36 94 25 - par courrier ou en vous déplaçant directement dans nos  bureaux/office.n.01 : GABNI - 25, Bd Léon Blum - 58000 NEVERS ",office
Bureau," - - - Certes, mais l'avion du Pentagone est cense a 70 cm du sol a 850 km/h tout en ne touchant les bobines de fils mi les clotures et en s'evaporant lorsqu'il touche le mur, le tout pilote par un pilote considere comme nul par ses instructeurs (""il ne savait pas voler"" dira l'un d'eux), qui reussi a disparaitre des radars, a effectuer une spirale descendante de 2700 metres a 330' et a 850 km/h, puis a eviter de justesse une antenne de 50 metres pour redscendre aussitot pour toucher les lapadaires... Le tout pour precipiter son avion a l'oppose du  bureau/office.n.01 du ministre de la Defense sur une zone aux murs renforces ou il ya peu de personnels dont les travaux doivent se terminer le lendemain, le tout alors que le NRO est a prevu un exercice de simulation de frappe d'un avion a 16 kilometres de la et inutes plus tot (officiel !). ",h
Bureau," Ce matin, j'avais une petite discussion avec mon désormais fameux ami voisin de  bureau/office.n.01 , sur les ""petits"" désagréments que l'on pouvait avoir avec des avions pas super bien conçus, mais pourtant fabriqués en série, comme des inverseur de poussée qui se déclenchent ""tout seul"" (223 morts ; y'aura p'têtre le problème sur l'A380 si ça continue comme ils sont partis), ou encore du Kapton super isolant quand il est sec, et qui s'enfume très vite à l'humidité ambiante (il devient alors conducteur, une bonne éponge), surtout si le vernis est absent (301 morts ). ",office
Bureau," La semaine dernière, mon ami voisin de  bureau/study.n.05 s'est vu notifié dans l'après-midi qu'il était prévu qu'il parte pour Valence le lendemain, comme ça, paf, mange-toi ça. ",study
Bureau, KDE (K Desktop Environment) est un environnement de  bureau/agency.n.01 . ,agency
Bureau," Il se compose d'un ensemble d'outils vous permettant d'exploiter graphiquement votre ordinateur : gestionnaire de fenêtres, fenêtre de connexion, gestionnaire de fichiers, utilitaires, etc. et bien entendu le  bureau/agency.n.01 Plasma. ",agency
Bureau," Quadra Mobilier est une société spécialisée depuis plus de 25 ans dans l'optimisation des espaces de travail : aménagement sur plan, aménagement de  bureau/office.n.01 , mobilier de bureau, solutions acoustiques et ergonomiques, agencement de showroom ... ",office
Bureau," Quadra Mobilier est une société spécialisée depuis plus de 25 ans dans l'optimisation des espaces de travail : aménagement sur plan, aménagement de bureau, mobilier de  bureau/office.n.01 , solutions acoustiques et ergonomiques, agencement de showroom ... ",office
Bureau," La finalisation de votre projet d'aménagement de votre  bureau/office.n.01 ou de votre espace de travail ainsi que le choix du mobilier est ensuite minutieusement validée avant de définir, selon votre planning et la disponibilité de nos fournisseurs, la livraison et l'installation du mobilier en vos locaux. ",office
Bureau," ...Arnaud regroupe plusieurs entreprises qui interviennent à Toulon et dans tout le département du Var pour les entrepreprises, collectivités, syndics de copropriété, etc. Le Groupe Arnaud est notamment spécialisé dans l'entretien courant ou ponctuel des  bureaux/office.n.01 , commerces, administrations... ",office
Bureau, Nous sommes installés à La Seyne-sur-Mer dans le Var où nous vous accueillons dans nos  bureaux/office.n.01 . ,office
Bureau, Les Mandchous reprennent sans sourciller les meilleures traditions chinoises et en 1645 Schall est nommé à la tête du  bureau/agency.n.01 des mathématiques. ,agency
Bureau, En 1668 Verbiest est nommé directeur du  bureau/agency.n.01 de l'Astronomie et en 1671 il devient le tuteur privé de l'Empereur ce qui fait naitre chez lui l'espoir de pouvoir un jour convertir l'Empereur au Christianisme. ,agency
Bureau, En rentrant plutôt du  bureau/office.n.01 un homme surprend sa femme en train de se faire limer le cul par un autre. ,office
Bureau," Depuis trois ans et demi que je siège au  bureau/agency.n.01 de l'Assemblée nationale (une vingtaine de députés autour du Président Bernard Accoyer), je n'ai pas le souvenir qu'une réunion de bureau ait été aussi attendue, et pour tout dire aussi tendue. ",agency
Bureau," Depuis trois ans et demi que je siège au bureau de l'Assemblée nationale (une vingtaine de députés autour du Président Bernard Accoyer), je n'ai pas le souvenir qu'une réunion de  bureau/agency.n.01 ait été aussi attendue, et pour tout dire aussi tendue. ",agency
Bureau," Suite à la décision du  bureau/agency.n.01 de construire un four , nous avons acquis les matériels nécessaires auprès du fournisseur et nous avons procédé à la fabrication fin ... ",agency
Bureau," Au sommaire : - Le sens des maux - Contre la bêtise du travail au  bureau/office.n.01 , vive le mauvais esprit ! - Sabotage dans les entreprises américaines - Guide de survie au boulot - La France d'en bas contre-attaque - Comment virer son patron - L'informatique dans l'entreprise - Quelques exemples de sabotage en entreprise - Bibliographie ",office
Bureau," "" list_shortcut "" - mettre des raccourcis sur le  bureau/agency.n.01 , qui, si on clique dessus, entrainent la fermeture des rubriques spécifiées sur Google Play ; ",agency
Bureau," 16 Février 2012 : Sulake annonce le licensiement et la fermeture de plusieurs  bureaux/office.n.01 : MTC, très réactif sur la situation, explose les record de visites avec plus de 315 connectés simultanées et 3000 visiteurs uniques. ",office
Bureau," 1211 Indemnité de sujétions spéciales des services de direction. 1130 Indemnité de vie chère à (97) Saint-Barthélémy et Saint- Martin. 1120 Indemnité d'isolement payée dans certains postes isolés de Guyane. 1310 Indemnité forfaitaire de la brigade roulante de Paris. 1225-1226 Indemnité forfaitaire pour travaux supplémentaires du siège DGP. 1201 Indemnité forfaitaire payée aux agents chargés de la réception et du contrôle de l'habillement à la DAPO. 1451 Indemnité mensuelle pour travaux dangereux payée au SRTP. 5970 Indemnité pour le contrôle de matériel payée au SRTP. 1380 Prime de maîtrise des services de production. 6xxx Indemnité d'enseignement des formateurs permanents (forfait mensuel). 1400 Indemnité de technicité pour travaux sur machines comptables ( bureaux/agency.n.01 , directions) ou postes d'indexation. 1420 Indemnité de technicité payée en services financiers. 132x Primes informatiques (taux réellement payé). 1160 Allocation spéciale des personnels techniques. 2200 Indemnité de petit équipement. 1230-1240 Indemnité de risques et sujétions, et majoration de l'IRS. 1202 Indemnité de technicité des CTINT. ",agency
Bureau," Normal de sortir une telle affiche quand on vois comment sont traités les salarié/es précaires du  bureau/agency.n.01 de placement de Info'Com ! "" Tu as du taff tu es bien payé alors fermes là, tu n'est pas ici pour militer mais prendre du fric, et puis si il y a des injustices c'est pas ton problème ... "" Voilà ce que j'ai entendu non stop durant quasi 2 ans ... Être précaire n'est pas être une sous merde et cela est vrai partout et notamment à la CGT ! ",es
Bureau, Avoir un  bureau/office.n.01 (...) ,office
Bureau," Après avoir repoussé plusieurs fois cette décision, je vous informe que je ne souhaite plus être adhérent au syndicat info'com CGT et je quitte le  bureau/agency.n.01 de placement de la SACIJO. ",agency
Bureau," Elles sont équipées d'un lit en 160, d'un téléviseur à écran plat, d'un  bureau/desk.n.01 et de la Wi. ",desk
Bureau," C'est en effet lui qui gère l'entretien de ce qui est désormais la plus grande pharmacie de France. "" Nous sommes garants de la propreté de ces locaux, de la zone de vente à la réserve en passant par les  bureaux/office.n.01 , l'espace vigile, le réfectoire, la kitchenette et les vestiaires "", précise la franchise ASR Nettoyage, qui ouvre parallèlement trois nouvelles unités dans le Loir et Cher, en région Rhône Alpes et dans les Alpes Maritimes. ",office
Bureau," Dans le domaine agroalimentaire, le MAAF soutient des démarches partenariales originales fondées sur le transfert d'un savoir-faire associatif au travers des actions menées par l'ADEPTA (Association pour le développement des changes internationaux des produits et techniques agroalimentaires, regroupant plus de 200 entreprises ainsi que des instituts de recherche, des centres techniques et des cabinets d'ingénierie ; l'ADEPTA a ouvert, à l'automne 2010, un premier  bureau/agency.n.01 de représentation, à Dakar, pour couvrir l'Afrique de l'Ouest) et l'AAFEX (Association Afrique agro export, groupement d'entreprises africaines exportatrices de produits alimentaires créée à Paris en 2002). ",agency
Bureau," Les entreprises s'adaptent aux nouveaux modes de travail collaboratifs et à la volonté accrue de mobilité de leurs salariés, en proposant des espaces de  bureaux/desk.n.01 flexibles et en s'équipant d'outils numériques qui permettent aux collaborateurs de travailler à distance lorsqu'ils sont en télétravail. ",desk
Bureau," En ville, dans les transports, dans nos logements et surtout dans nos  bureaux/office.n.01 , notre environnement est de plus en plus bruyant ! ",office
Bureau, Il permet de travailler devant un  bureau/desk.n.01 plus vite et plus précisément et dans un confort extrême pour votre main et votre poignet. ,desk
Bureau," Travail décent est un magazine trimestriel sur le travail décent en Afrique de l'Ouest, publié par le  bureau/agency.n.01 de l'OIT au Sénégal. ",agency
Bureau," A un moment Eva Joly entend deux politico-maffieux discuter ensemble, dans le  bureau/office.n.01 où elle les a alissés seuls et où elle est en train de les entendre. ",office
Bureau, Dans les  bureaux/office.n.01 le moines pianotaient sur des PC. ,office
Bureau," Disque flash à prix imbattable, le SSD Cibox de 120 Go au format 2.5 pouces est compatible avec les PC portables et les ordinateurs de  bureau/desk.n.01 . ",desk
Bureau," En 1952, Yves le Bihan Saluden achète en Penhars, le long de l'usine à gaz, le long d'un petit chemin menant au chemin du halage et à l'Odet, "" une propriété contenant un terrain avec bâtiments à usage d'entrepôt, construit en parpaings, couverture en éverite et un local servant de  bureau/office.n.01 , le tout d'une contenance de 2 a 06 ca "" ",office
Bureau," Mais, au mois de septembre, on s'est retrouvé dans les  bureaux/office.n.01 de la maison de disques. ",office
Bureau," Ce qui compte, c'est le "" sujet "" : un thème dans l'air du temps comme l'homoparentalité, la violence, la vie de  bureau/office.n.01 , Facebook... Leurs auteurs ont peu de préoccupations littéraires, mais ils perçoivent souvent avant les autres l'état du corps social. ",office
Bureau, Identité et Image - Aménagement de  bureau/study.n.05 ,study
Bureau," Seules les grandes structures sont capables de fournir des services à la personne, conciergerie et autres moyens de cocooning, séances de relaxation, massages au  bureau/office.n.01 ; Mais toutes doivent savoir qu'elles sont responsables de leurs employés à tous les niveaux, et prévoir de suppléer à leur mal être et leur absence. ",office
Bureau," Laurence devient la 1ère femme présidente du GAB21 et sera épaulée par un conseil d'administration de 10 membres et un  bureau/agency.n.01 constitué de Geoffroy Gavignet, vice-président ; Laure Darphin, secrétaire et Caroline Pellenard, trésorière. ",agency
Bureau, Les autres membres du  bureau/agency.n.01 du GAB21 : ,agency
Bureau, Nos  bureaux/office.n.01 restent fermés jusqu'à nouvel ordre mais les salariés restent joignables par téléphone portable professionnel et par e-mail aux coordonnées habituelles. ,office
Bureau," N'hésitez pas à me contacter si besoin, par mail EMAIL, par téléphone au 03 86 72 92 28 // 06 08 02 87 94 ou par voie postale / directement dans nos  bureaux/office.n.01 : GABY - 19, avenue Pierre Larousse - BP 382 89006 Auxerre ",office
Bureau," Contact : Guillaume RIOU, président de la FNAB – 06 30 09 56 56 Sylvie Corpart – membre du  bureau/agency.n.01 FNAB - 06 76 30 68 94 ",agency
Bureau," Les guides seront à récupérer dans l'un de nos  bureaux/office.n.01 (Auxerre, Bretenière, Beaune, Cluny ou Nevers). ",office
Bureau," À la demande de la FNAB, François HOULLIER, président de l'INRA, a reçu une délégation de la FNAB composée de Stéphanie PAGEOT, présidente de la FNAB, Jean-Paul GABILLARD, membre du  bureau/agency.n.01 , Julien ADDA, délégué général, et Chahin FAÏQ, chargé de mission, le 4 mars, lors du Salon de l'agriculture. ",agency
Bureau," N'hésitez pas à me contacter au 06 33 35 37 48, par mail à l'adresse EMAIL, ou en vous déplaçant directement dans nos  bureaux/office.n.01 : GABSeL - Communauté de Communes En Clunisois - 5, Place du Marché - 71250 CLUNY"" ",office
Bureau," John Wayne, Dean Martin, le vieux dingue et le gamin flambeur, barricadés dans le  bureau/office.n.01 du shérif contre une horde de pistoléros. ",office
Bureau," Pour aider les parlementaires à mieux cerner le contexte général dans lequel s'inscrit la question de l'emploi, l'UIP a organisé à leur intention une réunion d'information, en coopération avec le  bureau/agency.n.01 de l'Organisation internationale du Travail (OIT) à New York. ",agency
Bureau," La semaine dernière, en passant devant le  bureau/office.n.01 de Poste, un des agents me demande de venir retirer le ""cadeau"" que le président de la République a envoyé à tous les députés. ",office
Bureau, L'enseigne et les vitres de l'établissement bancaire du CIC ont volé en éclats... Après que la tornade vienne se fracasser à l'intérieur des nouveaux  bureaux/office.n.01 de l'agence. ,office
Bureau," Présent dans plus de 25  bureaux/agency.n.01 partout au Canada, Mitacs compte une solide équipe de direction ainsi qu'une équipe de développement des affaires d'un bout à l'autre du pays dédiée à établir des partenariats et à en favoriser de nouveaux. ",agency
Bureau," Une assemblée générale est commise chaque année avec présentation des bilans, soumis à l'approbation de l'assemblée, et renouvellement du  bureau/agency.n.01 . ",agency
Bureau, Ce  bureau/agency.n.01 fait partie d'une association de plusieurs fiduciaires - toutes situées dans la Province du Luxembourg. ,agency
Bureau, Qiwie est un  bureau/agency.n.01 de consultance objectif spécialisé dans la communication de recrutement. ,agency
Bureau," Prime spéciale du service général La prime spéciale du service général est attribuée à certains personnels selon les conditions précisées ci-dessous : - avoir eu la qualité d'auxiliaire de  bureau/agency.n.01 , - être en fonction au 14 juin 1983, - être utilisé sans interruption depuis cette date, - effectuer depuis le 1 "" janvier 1984 un service à temps complet. ",agency
Bureau," A peine rentrée de son  bureau/office.n.01 de la Pointe Simon, Marraine George se débarrassait de ses bijoux créoles et enfilait sa tenue d'intérieur, une gaule informe et sans couleur que Tante Renée lavait et relavait à longueur d'année. ",office
Bureau," SODUSI - Découpage et emboutissage - Voiron (38) - Nous intervenons par notre  bureau/agency.n.01 d'étude pour créer ou faire évoluer, à partir d'un plan ou d'une ébauche, une pièce ou ... www.fasilannuaire.fr/188-142-70-sodusi.html ",agency
Bureau," La nouvelle avance mensuelle sur les frais de mandat (AMFM), créée le 29 novembre 2017 par arrêté du  bureau/agency.n.01 de l'Assemblée nationale, a un champ plus large et est encore moins transparente que l'indemnité représentative de frais de mandat (IRFM) à laquelle elle se substitue le 1er janvier 2018, sans contrôle effectif. ",agency
Bureau," Je suggère que les commissions scolaires soient remplacées par un seul  bureau/agency.n.01 régional, relevant du ministère de l'Éducation, et qui assurerait le relais entre ce dernier et les écoles. ",agency
Bureau," Le mandat de ces  bureaux/agency.n.01 serait fort limité (perception des taxes scolaires, supervision de la qualité des services, quelques services complémentaires pour répondre aux besoins des écoles). ",agency
Bureau," Au besoin, le  bureau/agency.n.01 régional pourrait assurer la tutelle des écoles déficientes ou de celles qui, faute de moyens, en font la demande. ",agency
Bureau, Soixante-dix-neuf  bureaux/desk.n.01 publics et parcs et 23 installations portuaires et sept routes ont aussi subi des dégâts. ,desk
Bureau," Des  bureaux/office.n.01 cossus de Manhattan aux appartements miteux de Little Italy, du Yankee Stadium aux villas de Staten Island en passant par les archives du New Jersey, l'enquête d'un New-Yorkais ordinaire pris dans un engrenage infernal. ",office
Bureau," Mano sera parfaite pour éclairer mais surtout décorer votre salon,  bureau/office.n.01 , bibliothèque ou chambre. ",office
Bureau, Il y a dix ans de cela un certain Andy Davidson entrait dans les  bureaux/office.n.01 de Team 17 avec une maquette de jeu à proposer. ,office
Bureau, DPE  bureaux/agency.n.01 Hérault - 34 ,agency
Bureau," Si vous envisagez de louer ou de vendre un local avec une activité de  bureaux/office.n.01 , vous devez faire pratiquer le DPE bureaux. ",office
Bureau," Si vous envisagez de louer ou de vendre un local avec une activité de bureaux, vous devez faire pratiquer le DPE  bureaux/office.n.01 . ",office
Bureau," D'après le rapport, le diagnostiqueur immobilier vous indiquera quelles sont les recommandations pour améliorer le résultat de ce DPE  bureaux/desk.n.01 avec des gestes quotidiens ou à l'occasion de travaux éventuels. ",desk
Bureau," Sur vos chantiers, en déplacement, au  bureau/office.n.01 , pilotez vos retours chantiers et suivez en temps réel les entrées et sorties de vos matériaux. ",office
Bureau," En gros, nous avons attendu jusqu'à midi et demi que Françoise, de l'état des lieux, arrive au  bureau/office.n.01 pour taper le bail pendant sa pause et nous incruster dans son emploi du temps de l'après-midi. ",office
Bureau," Et sur leur  bureau/agency.n.01 , ils estiment qu'ils doivent d'abord développer les compétences et recruter. ",agency
Bureau, Les  bureaux/office.n.01 de vote électronique fermeront le 7 juillet 2017 à minuit. ,office
Bureau," Le timbre fiscal peut être acheté : - dans un  bureau/office.n.01 de tabac, - dans une trésorerie, - dans un service des impôts des entreprises. ",office
Bureau," Activité principale: aménagement et décoration de  bureaux/office.n.01 , de boutiques ou de maisons particulières. ",office
Bureau," A cet égard, les chemins et sentiers vicinaux forment un réseau de cheminements idéal pour rejoindre les lieux de vie de la commune : école, maison communale,  bureau/office.n.01 de poste, salle de sports, commerce... La plupart du temps, ils permettent également de découvrir des lieux insolites du territoire communal : établissements classés, points de vue remarquables, sites d'intérêt biologique... Par ailleurs, ce réseau de chemins et sentiers constitue un parfait complément au RAVeL, facilitant la liaison de celui-ci aux centres des villages. ",office
Bureau, Pour débuter : Guide du  bureau/agency.n.01 Ubuntu 16.04. ,agency
Bureau, Cette mesure permettra de réduire le nombre de demandes de renseignements que les  bureaux/agency.n.01 de paie recevraient autrement. ,agency
Bureau, Il commença par installer son  bureau/study.n.05 dans notre chambre. ,study
Bureau," Et pour couronner le tout, Oscar avait installé sur son  bureau/desk.n.01 une photo de Dominika, dans un cadre en acajou, qui s'harmonisait avec l'ensemble du mobilier. ",desk
Bureau, La paperasse s'amoncelait sur son  bureau/desk.n.01 . ,desk
Bureau," Les dossiers d'inscription sont téléchargeables sur le site Internet de la SNA ou disponibles au  bureau/agency.n.01 Mobilités de la SNA (12 la Mare à Jouy, 27120 Douains, 02.32.53.95.37, EMAIL) ou auprès de la mairie de la commune. ",agency
Bureau," Après vingt-quatre années passées au  bureau/agency.n.01 du shérif du comté d'Absaroka, dans le Wyoming, Walt Longmire aspire à finir sa carrière en paix. ",agency
Bureau," Paris, de nos jours... Après la défenestration d'un scénariste du  bureau/agency.n.01 de Cécilia Rhodes, célèbre productrice, le commissaire Milot, chargé de l'enquête, est peu convaincu par la thèse du suicide. ",agency
Bureau," Après tout je ne suis pas une gonzesse ... Allez hop, je chopperai une chemise froissée dans la pile de linge sale (meeeerde, ma mère a encore oublié de passer chez moi !) et je me casserai sans ouvrir les fenêtres, laissant mon lit défait avec mes draps froissés par mon enthousiasme matinal (et accessoirement mon ADN) ... Ensuite, je me frotterai frénétiquement sur un mec dans le métro bondé et, une fois arrivée au  bureau/office.n.01 , je gratifierai notre jeune stagiaire d'une bonne blague misandre sur son aspect physique, genre : "" eh dis donc faut penser au régime là hein ? ha ha ha !"". ",office
Bureau," Si vous avez besoin d'un conseil, notre  bureau/agency.n.01 d'études se tient également à votre disposition pour vous proposer le mobilier extérieur le plus adapté à vos besoins ou à vos contraintes. ",agency
Bureau," Plantes vertes au  bureau/office.n.01 , jardinage, balades en forêts, tous les moyens sont bons pour profiter de ses effets bénéfiques. ",office
Bureau," Microsoft prend soin de ne pas supprimer la partie  bureau/agency.n.01 avec gestionnaire de fichiers et icônes pour ne pas totalement désorienter les utilisateurs de PC, toujours fervents adeptes du clavier et de la souris. ",agency
Bureau," Situés à quelques pas du mien, les  bureaux/office.n.01 des producteurs de l'événement, les gens du Bang Bang, fourmillent d'activités depuis déjà plusieurs semaines. ",office
Bureau," Le 20 février dernier, se déroulait l'assemblé générale à la salle des répétitions à Mézeray. -Le  bureau/agency.n.01 a tout d'abord évoqué ses nouveaux statuts aux ... ",agency
Bureau," Robe fleurie et printanière, chic et habillée, pour le brunch entre copines comme pour le  bureau/office.n.01 ! ",office
Bureau, Bureau/agency.n.01 du Conseil privé ,agency
Bureau, L'audience en  bureau/agency.n.01 de jugement est publique. ,agency
Bureau, Vapoter au  bureau/study.n.05 est donc désormais impossible. ,study
Bureau," 1 - Aux syndics de s'efforcer de tenir à jour la liste des copropriétaires et des titulaires de droits sur les lots, conformément à l'article 32 du décret du 17 mars 1967, étant précisé que les copropriétaires peuvent prendre connaissance de cette liste dans le  bureau/agency.n.01 du syndic; ",agency
Bureau," Nous avons monté le frigo, ma chaise de  bureau/desk.n.01 , mon étagère, avons lavé la vaisselle neuve et à 14:20, l'agent immobilier s'est pointé dans son costard pour regarder la même chose que le plombier et constater qu'il n'y avait pas de fuite de visible. ",desk
Bureau," C'est encore très blanc, mais je vais avoir une nouvelle parure de lit, et je collerais des stickers sur le  bureau/desk.n.01 , et je ferais développer des photos en grand, pour qu'on ne voie que ça. ",desk
Bureau," Elle n'a pas d'ordinateur personnel mais au  bureau/office.n.01 , pendant sa pose de midi, elle a pris l'habitude de "" surfer "" et un jour elle s'est retrouvée sur les "" blogs "", tous différents mais très intéressants, quelquefois humoristiques, de très beaux poèmes, des petits reportages.... l'un d'eux a retenu son attention, il parlait des Canaries avec beaucoup de photos et de narrations sur la vie de l'île, la flore, la faune – tout particulièrement les papillons qui semble être la passion de cette personne. ",office
Bureau," L'image de république moderne irréprochable de Macron en prend un coup avec tous ses employés de  bureau/agency.n.01 de l'Elysée compromis dans des affaires douteuses : l'affaire Benalla le cogneur, l'affaire des assistants parlementaires du Modem avec François Bayrou et Marielle de Sarnez, Richard Ferrand et les Mutuelles de Bretagne, Muriel Pénicaud et Business France, Laura Flessel et ses ennuis fiscaux, Françoise Nyssen et le saccage des anciens appartement du regretté Albert Camus sans autorisation et pour nous Français d'Algérie la publication d'un livre à la gloire d'un terroriste poseur de bombe du FLN, Agnès Buzyn et l'Inserm, Alexis Kohler et la compagnie MSC, Nicolas Hulot et Gérald Darmanin accusé et blanchis. - | lire la suite | ",agency
Bureau," - Prochaines réunions : jeudi 5 février 20 h à Vannes Entre deux réunions ouvertes, à intervalle de deux mois, proposition de réunion du  bureau/agency.n.01 (où chacun peut venir), le 2ème jeudi du mois intermédiaire ",agency
Bureau," Cela peut aller de la maison (de plain pied ou à étages), en passant par des locaux ( bureaux/office.n.01 , archivages, stockage) ou par des immeubles (d'habitation ou de travail). ",office
Bureau," J'ai la semaine dernière fait un petit tour dans la caverne d'ali baba des kits de développement pour Micro Framework (comprendre ""le  bureau/office.n.01 de Pierre Cauchois, Microsoft Evangelist sur l'embarqué"") ou le gardien à eut la gentillesse de me prêter un peu de ""matos"" afin que je fasse mumuse. ",office
Bureau," Je click sur un bouton, un environnement est créé, mon application est déployée et mon testeur n'a plus qu'a se connecter en  bureau/study.n.05 distant dessus. ",study
Bureau," Available in 38 langues et avec 33  bureaux/agency.n.01 à travers le monde, Mascus travaille pour vous à l'échelle nationale et internationale. ",agency
Bureau," Un lot de 30 €, pour décorer ton  bureau/desk.n.01 , animer les gouters d'anniversaire. ",desk
Bureau," Cette solution a une place dans votre maison, voiture,  bureau/office.n.01 , lieu de travail extérieur, et à peu près partout ailleurs. ",office
Bureau, Organisateurs de  bureau/agency.n.01 Il n'y a rien de plus stressant et inefficace qu'un bureau désorganisé ! ,agency
Bureau, Organisateurs de bureau Il n'y a rien de plus stressant et inefficace qu'un  bureau/agency.n.01 désorganisé ! ,agency
Bureau, Soyez plus productif grâce à nos organisateurs de  bureau/desk.n.01 . ,desk
Bureau, Distribution / Alimentation Rien n'est plus pratique qu'un  bureau/desk.n.01 avec les connexions d'alimentation et de données disponibles et esthétiques. ,desk
Bureau," Sorties de  bureau/desk.n.01 Avec ces produits, vous n'aurez plus à vous baisser sous le bureau ou table de conférence pour attraper la multiprise ou le câble réseau. ",desk
Bureau," Sorties de bureau Avec ces produits, vous n'aurez plus à vous baisser sous le  bureau/desk.n.01 ou table de conférence pour attraper la multiprise ou le câble réseau. ",desk
Bureau," Multiprises rétractables Un  bureau/desk.n.01 parfaitement dégagé, faisant disparaître les câbles susceptibles d'être gênants, permet d'augmenter la productivité et sécurité. ",desk
Bureau, Oeillets de table & Douilles Les oeillets de tables apportent de l'esthétisme et protégent vos câbles des aspérités des entrées de câbles sur vos  bureau/desk.n.01 . ,desk
Bureau, Alimentation/Données Arrêtez de ramper sous votre  bureau/desk.n.01 et de trébucher à cause des câbles désordonnés. ,Données
Bureau," Goulottes pour  bureaux/desk.n.01 Parfois, il est préférable de privilégier les choses simples. ",desk
Bureau, Sorties de  bureau/desk.n.01 Éliminer l'encombrement des câbles sur le bureau avec des sorties ou trappes de bureau. ,desk
Bureau, Sorties de bureau Éliminer l'encombrement des câbles sur le  bureau/desk.n.01 avec des sorties ou trappes de bureau. ,desk
Bureau, Sorties de bureau Éliminer l'encombrement des câbles sur le bureau avec des sorties ou trappes de  bureau/desk.n.01 . ,desk
Bureau," Nombreuses finitions pour les installer à la maison, hôtel,  bureau/office.n.01 ou salle de conférence. ",office
Bureau," Pour des raisons liées à l'assurance, vous devez impérativement envoyer, dès le début de saison, votre affiliation comprenant au moins les demandes de licences des membres composant le  bureau/agency.n.01 et celle du ou de vos enseignants AVANT toute activité sportive de votre association. ",agency
Bureau, Le  bureau/agency.n.01 n'est pas mort. ,agency
Bureau, La grande majorité (90 %) des gens veulent retourner au  bureau/office.n.01 au moins un jour par semaine. ,office
Bureau," Pour les employés qui ont des liens étroits avec leurs collègues, ainsi que pour ceux qui ont du mal à socialiser au  bureau/office.n.01 , la baisse est encore plus importante, allant de 20 à 26 %. ",office
Bureau, Le  bureau/agency.n.01 du SCDP ,agency
Bureau," Fortement plébiscitées pendant le confinement, les solutions de visioconférence font aujourd'hui partie des incontournables de la vie de  bureau/office.n.01 . ",office
Bureau," Bienvenue sur nos Jeux Gratuits, les meilleurs jeux flash en ligne sans téléchargement pour jouer au  bureau/office.n.01 , à la maison ! ",office
Bureau," Bubble Shooter, Belote, Candy Crush, Brick Shooter, Yahtzee, Dames, Big Farm, Mahjong... Vous recherchez un jeu gratuit pour jouer chez vous ou au  bureau/office.n.01 ? ",office
Bureau, Notre  bureau/agency.n.01 d'étude vous aidera à mettre en place un projet personnalisé selon les besoins de votre entreprise. ,agency
Bureau," Ce matin, inquiète de ne pas voir Patricia déjà à son  bureau/office.n.01 quand j'arrive à la fédé, j'envoie un texto taquin comme on a l'habitude de faire. ",office
Bureau," De retour à son  bureau/office.n.01 , il découvre sa secrétaire en... ",office
Bureau," Le  bureau/agency.n.01 d'accueil est installé au rez-de-chaussée de l'archevêché. - 1993 : Ouverture de l'Espace baroque de Tarentaise ; l'Office de Tourisme est installé dans des locaux plus vastes jouxtant cet espace patrimonial. - 1996 : L'archevêché est dénommé "" Centre culturel abbé Marius Hudry "" - 1998 : Le Musée des Traditions Populaires (créé en 1996) s'installe à la place de l'Espace baroque après la fermeture de celui-ci. - 2012 : Le Musée des Traditions Populaires est totalement rénové (refonte muséographique et agrandissement ) - Décembre 2014 : l'Office de Tourisme quitte l'archevêché après une présence de 40 années. ",agency
Bureau," Et les  bureaux/agency.n.01 de vote de Pennsylvanie ont reçu au total des centaines de milliers de bulletins par correspondance de plus que ceux que l'administration a envoyé aux électeurs. 1,5 millions de bulletins de votes par correspondance envoyés, 2,3 millions revenus et comptabilisés. ",agency
Bureau, Pourquoi une zone particulière ou un  bureau/agency.n.01 de vote auraient une participation de 90% là où les autres n'atteignent que 70%? ,agency
Bureau," Lorsque les  bureaux/agency.n.01 de vote ferment, et avant d'ouvrir les urnes, les responsables doivent se livrer à une procédure compliquée et plutôt ennuyeuse de réconciliation. ",agency
Bureau, La première tâche d'un  bureau/agency.n.01 de dépouillement est de compter le nombre de bulletins. ,agency
Bureau," À contrario, dans des comtés pro-Trump d'Arizona, des employés de  bureau/agency.n.01 de vote n'indiquèrent pas aux électeurs venus sur place d'éventuelles erreurs dans la saisie de leur bulletin, comme la loi le veut, mais turent ces erreurs, entraînant la nullité de ces votes (source) ",agency
Bureau, Des observateurs républicains furent empêchés d'entrer dans de nombreux  bureaux/agency.n.01 de dépouillement (source) (source) (source) ,agency
Bureau," D'un coup d'un seul, comme par magie, littéralement, les  bureaux/agency.n.01 de dépouillement trouvèrent soudainement 138'000 votes pour Joe Biden. ",agency
Bureau," Dépouillant enveloppe après enveloppe, les  bureaux/agency.n.01 de l'état tombèrent, tous, sur une séquence incroyable de cent trente-huit mille votes pour Biden. ",agency
Bureau," Fabriquer son propre  bureau/secretary.n.04 est aujourd'hui tendance, pas cher et écologique. ",secretary
Bureau, La scène se passe dans un  bureau/office.n.01 de vote à Gao. ,office
Bureau," La réponse fut un "" oui "" sec et méprisant. "" Alors je vous demande de sortir pour permettre aux autres citoyens d'accomplir leur devoir civique. "" Comme par hasard, nous nous trouvions dans son propre  bureau/office.n.01 . ",office
Bureau," Ensuite, ce  bureau/office.n.01 est le mien, madame, c'est ici que travaille tous les jours. ",office
Bureau, – Ce  bureau/study.n.05 est vôtre en temps ordinaire peut-être. ,study
Bureau, Le commandant qui s'était opposé à ma présence au  bureau/agency.n.01 de vote était vexé de me trouver là en pleine forme et membre du Bureau. ,agency
Bureau," – Je me moque totalement de vos procurations, je suis dans mon  bureau/office.n.01 et j'entends y demeurer tant que je le veux. ",office
Bureau," Mais en ce jour d'élection, c'est monsieur Rois, ingénieur des travaux, président du  bureau/agency.n.01 de vote, assisté des secrétaires, des assesseurs et des représentants des partis politiques qui dirigent les opérations. ",agency
Bureau," Vive le RDA ! "" Tous les membres du  bureau/agency.n.01 me regardèrent ahuris. ",agency
Bureau," Aussi palpitant que cela puisse paraître, il n'en mène pas moins la vie banale et sans surprise de n'importe quel employé de  bureau/office.n.01 . ",office
Bureau," En pratique, lors des différentes conversions, les prix d'achat et de vente des monnaies peuvent plus ou moins différer de ces taux en fonction du pays, de l'établissement de crédit, du  bureau/agency.n.01 de change ou bien encore de la méthode de paiement. ",agency
Bureau, Décochez la case Créer un raccourci sur le  bureau/agency.n.01 car celui-ci ne fonctionne pas sur tous les Linux. ,agency
Bureau, Bureau/agency.n.01 au-dessus de WoW ,agency
Bureau," Pour les deux, vous devrez faire clic droit → propriétés sur votre  bureau/desk.n.01 Ou encore, vous pouvez jouer à WoW en mode fenêtré : ",desk
Bureau," C'est bien pratique, lorsqu'on est sous WoW en plein écran, de pouvoir changer de  bureau/desk.n.01 pour aller consulter un truc sur le net ou faire autre chose pendant les long trajets en fly ! ",desk
Bureau," Cependant, dans certains cas, il y a une interaction entre Wine et Compiz qui freeze le jeu lorsqu'on revient à celui-ci après avoir changé de  bureau/desk.n.01 . ",desk
Bureau," Si cette configuration est excellente pour un serveur, elle l'est beaucoup moins pour une utilisation de type  bureau/desk.n.01 , où le swappiness recommandé est de 10. ",desk
Bureau," Un tour d'horizon des  bureaux/office.n.01 actuels de Google , leader mondial de l'innovation et de la recherche. ",office
Bureau," Dans le respect des règles de la vie associative et des principes démocratiques, chaque section organise annuellement son Assemblée Générale et est gérée par un collectif d'adhérents élus qui composent un  bureau/agency.n.01 constitué d'au moins un Président, un Secrétaire et un Trésorier. ",agency
Bureau, Le club organise son Assemblée Générale tous les 4 ans (au rythme des olympiades) à laquelle tous les adhérents sont convoqués et au cours de laquelle est élu un Comité Directeur qui lui-même élit un  bureau/agency.n.01 . ,agency
Bureau, DPE  bureaux/agency.n.01 Montpellier - 34000 ,agency
Bureau, AADENA est votre référent pour le DPE  bureaux/desk.n.01 de votre local à Montpellier. ,desk
Bureau, Le DPE  bureaux/desk.n.01 est obligatoire pour la mise en vente ou en location d'un bâtiment à usage principal de bureaux. ,desk
Bureau, Le DPE bureaux est obligatoire pour la mise en vente ou en location d'un bâtiment à usage principal de  bureaux/office.n.01 . ,office
Bureau," Le vendredi 2 mai dernier, dans le caracol de la Realidad, une agression de la part de membres du parti vert PVEM, PAN et CIOAC-Historique a eu lieu, avec pour solde la mort d'un zapatiste, Jose Luis Lopez de la Junta De Buen Gobierno et plusieurs blessés. [13 Mai 2014] Alors qu'un dialogue était ouvert dans les  bureaux/office.n.01 de la Junta De Buen Gobierno entre les zapatistes et des représentants de la CIOAC-H, au sein du Caracol 1, Mère des Caracoles, Mer de Nos rêves, La Realidad, depuis le 1er mai, suite à la détention illégale d'un véhicule appartenant aux Zapatistes, un groupe de militants du CIOAC-H, PVEM, PAN a commencé à détruire les installations de l'Ecole et de la Clinique Autonome de la Realidad ainsi qu'un véhicule. ",office
Bureau, Au cours des travaux de l'assemblée on a procédé à l'adoption d'un statut et d'un règlement intérieur et à l'élection d'un  bureau/agency.n.01 exécutif composé de 25 membres avec comme président Demba André Hilou. ,agency
Bureau, Il permet à tous de se déplacer en vélo et de ne pas arriver au  bureau/office.n.01 en sueur après une montée interminable ! ,office
Bureau, Ce que je peux te dire c'est que dans leurs  bureaux/office.n.01 il y avait un post équipé de clavier Bloomberg. ,office
Bureau," Optimalis SA, membre d'Optimalis Group est actif depuis plus de 20 ans dans la gestion opérationnelle (accueil - réception et assistance à la bonne gestion d'immeuble de  bureaux/office.n.01 ). ... ",office
Bureau," Moi, je n'ai pas une offre sur mon  bureau/study.n.05 "". ",study
Bureau," SETS fournit des traductions techniques, commerciales, scientifiques et juridiques à des groupes industriels, des  bureaux/agency.n.01 d'étude, des agences de communication, etc. ",agency
Bureau, Bureau/secretary.n.04 Vallée poursuit son développement et accentue son maillage en Normandie. ,secretary
Bureau," Le leader français du marché des fournitures de  bureau/desk.n.01 et de la papeterie discount s'apprête en effet à ouvrir un nouveau magasin à Flers, dans l'Orne. ",desk
Bureau," Cette rencontre se déroulera en 3 axes : bilan semestriel, validation des décisions du  bureau/agency.n.01 et orientations et propositions. ",agency
Bureau, – Je dois vider complètement mon  bureau/office.n.01 aujourd'hui. ,office
Bureau, Mme Casgrain regarda le jeune homme venu de son  bureau/office.n.01 et lui fit un clin d'oeil. ,office
Bureau," - Prochaines réunions : jeudi 13 novembre 20 h à Lorient maison des associations Cité Allende : réunion de reprise de contact jeudi 11 décembre 20 h à Vannes Entre deux réunions ouvertes, à intervalle de deux mois, proposition de réunion du  bureau/agency.n.01 (où chacun peut venir), le 2ème jeudi du mois intermédiaire ",agency
Bureau," Sur la plage ou au  bureau/office.n.01 , quel que soit votre programme en août, Closer vous gâte une nouvelle fois ! ",office
Bureau, Bureaux/agency.n.01 ,agency
Bureau," Professionnel, créatif, pratique ou axé sur le service, dans une entreprise, le choix du design d'un  bureau/study.n.05 est un message qui s'adresse aussi bien au personnel qu'aux clients. ",study
Bureau," Une décoration de  bureau/office.n.01 appropriée, comme le choix d'un sol de bureau élégant et contemporain, améliore l'image de l'entreprise et contribue à créer un environnement positif, propice à la productivité. ",office
Bureau," Une décoration de bureau appropriée, comme le choix d'un sol de  bureau/office.n.01 élégant et contemporain, améliore l'image de l'entreprise et contribue à créer un environnement positif, propice à la productivité. ",office
Bureau, Le revêtement de sol joue un rôle crucial pour le retour au  bureau/study.n.05 en post covid-19. ,study
Bureau," Le  bureau/agency.n.01 de la gestion des études Faculté de droit Pavillon Charles-De Koninck, local 2407 418-656-2131, poste 6134 EMAIL ",agency
Bureau," L'un aime sans complexe le pouvoir et l'argent, a pignon sur la très chic avenue Pierre-Ier-de-Serbie, dans le 16e arrondissement de Paris et roule en Maserati ; l'autre déteste le Bristol et corrige des thèses de droit dans son petit  bureau/office.n.01 surchargé du 12e arrondissement... Robert et Albert : deux petites lettres seulement différencient les frères Bourgi. ",office
Bureau," Il se peut que ce soit à cause d'un évènement survenu dans votre vie : disputes de couple, angoisse, stress au  bureau/office.n.01 , déprime ou encore deuil. ",office
Bureau," Le local commercial, le  bureau/office.n.01 est-il facilement accessible en transports en commun ? ",office
Bureau," Quel est le secteur d'activité du local actuel ( bureau/office.n.01 , restaurant, bureau de tabac, boulangerie, boucherie, salon de coiffure...) ? ",office
Bureau," Quel est le secteur d'activité du local actuel (bureau, restaurant,  bureau/office.n.01 de tabac, boulangerie, boucherie, salon de coiffure...) ? ",office
Bureau," Si l'utilisation intensive du papier dans les  bureaux/office.n.01 pose un problème écologique évident, celle des courriels n'est pas non plus sans effet sur... ",office
Bureau," Réalisée par YouGov auprès de 6 000 salariés travaillant dans des  bureaux/office.n.01 en France, en Allemagne, aux Pays-Bas et au Royaume-Uni, entre avril et mai 2020, cette enquête comprend également des enseignements pour aider les entreprises à sortir de la crise. ",office
