bron,match,betekenis
Vol," Ils décryptent notamment la sécurisation inviolable de nos données, la solidité du cryptage des systèmes numériques... Mais chaque jour apporte son lot de  vol/larceny.n.01 de données et d'exploits de hacker... Décrypter l'indécryptable ! ",larceny
Vol, Vols/flight.n.02 directs uniquementVols directs uniquement ,flight
Vol," Recherchez parmi plus d'un million de  vols/flight.n.02 , d'hôtels, de formules et bien plus ",flight
Vol, Trouvez la formule qui vous correspond pour vos réservations d'hôtel et de  vol/flight.n.02 ,flight
Vol," Quels que soient votre profil voyageur et votre destination de rêve du moment, ebookers est là pour vous aider à effectuer la réservation d'hôtel et de  vol/flight.n.02 qui vous convient. ",flight
Vol," En couple, vivez un parfait week-end en amoureux en vous accordant un  vol/flight.n.02 en première classe et un séjour dans un hôtel de luxe. ",flight
Vol," Idéal pour programmer votre prochain voyage d'affaires, ebookers vous permet de réserver un  vol/flight.n.02 en classe Affaires ou Premium Economy et vous suggère d'autres services pour répondre à vos exigences professionnelles. ",flight
Vol," Enfin, en rejoignant le programme de fidélité BONUS+, vous bénéficierez de toute une ribambelle d'avantages pour vos  vols/flight.n.02 et vos séjours d'hôtels. ",flight
Vol," *Économies calculées sur l'ensemble des réservations de séjours combinés comprenant le  vol/flight.n.02 et l'hôtel effectuées entre le 1er janvier 2018 et le 31 décembre 2018, en comparaison avec le prix des mêmes composants réservés séparément. ",flight
Vol, J'ai besoin de 250 ml de h2O2 à 60  vol/robbery.n.01 Donc un volume total dégagé de 60x250= 15000 volumes j'ai de l'H2O2 à 110 volume 15000/110= 136.36 ml d'h2O2 eau qsp 250 ml Stabilité jusqu'au coin de la rue ! ,robbery
Vol," Parfois la réalité dépasse la fiction... Par l'amour on transgresse tout, le  vol/larceny.n.01 d'Hélène était le début de la guerre de Troie, on est capable de choses merveilleuses pour l'amour comme des pires...(clichés!) ",larceny
Vol," BRUXELLES ""Pour vous sauver, votre avocate va devoir sortir le grand jeu !"", a lancé vendredi le juge Jean Coumans à l'adresse de Yassine A., 21 ans, qui répond de  vol/robbery.n.01 et de tentative de vol sans violence. ",robbery
Vol," BRUXELLES ""Pour vous sauver, votre avocate va devoir sortir le grand jeu !"", a lancé vendredi le juge Jean Coumans à l'adresse de Yassine A., 21 ans, qui répond de vol et de tentative de  vol/robbery.n.01 sans violence. ",robbery
Vol," Après des  vols/larceny.n.01 minables, le type avait fait dans le sordide en menaçant un passant pour le délester, avec un ami, d'un MP3. ",larceny
Vol," Mais c'est une éolienne aéroportée qui a réalisé, début avril, son premier  vol/flight.n.02 test à Limestone, dans l'Etat du Maine, aux Etats-Unis.]]> http://eolien.kbplatform.com/article/2013/3/26/airbone-wind-turbine-eolienne-aeroportee/ 2013-03-26T11:51:34 http://eolien.kbplatform.com/article/2013/3/26/airbone-wind-turbine-eolienne-aeroportee/ Acciona Windpwower lance un nouveau rotor de 125 mètres. ",flight
Vol," La destruction du  vol/flight.n.02 MH17 de Malaysia Airlines a donné naissance à une incroyable campagne de mensonges, falsifications et détournements de la vérité qui ne s'est plus arrêtée depuis. ",flight
Vol, Des soldats russes ont été identifiés par le site d'investigation Bellingcat comme étant impliqués dans le crash du  vol/flight.n.02 de la Malaysia Airlines au-dessus de l'Ukraine. ,flight
Vol, Ils échouent dans les camps comme de pauvres oiseaux après un  vol/flight.n.02 épuisant. ,flight
Vol," Christian Garcin a publié Romans Le  vol/flight.n.02 du pigeon voyageur, éditions Gallimard, 2000, Prix du Rotary International (rééd. Folio n°3680) Sortilège, éditions Champ Vallon, 2001 Du bruit dans les arbres, Gallimard, 2001 (rééd. Folio n°4134) L'embarquement,... ",flight
Vol," Les dix premiers chapitres [I] [II] [III] [IV] [V] [VI] [VII] [VIII] [IX] [X] et la couverture X Une ombre multiple et gracieuse passa au-dessus de ma tête, telle une troupe de grands oiseaux ; puis, parmi des rires frais et des babils argentins, un  vol/flight.n.02 ... ",flight
Vol," Résumé et Vidéos des prestations et intégrale de l'EPISODE 6 : 1ère battle, le choix des candidats , les  vols/larceny.n.01 , les mentors guests Lire la suite ",larceny
Vol," Un  vol/flight.n.02 d'oiseaux croassa au loin, dans l'air transparent, au-dessus des clochers. ",flight
Vol," Au delà de ce qui a effectivement percuté le bâtiment, je voudrais savoir ce que sont devenus les passagers du  vol/flight.n.02 77... ",flight
Vol, Gonzague : ce n'est pas parce que le  vol/flight.n.02 77 a DISPARU que cela signifie que c'est bel et bien lui qui s'est crashé sur le pentagone ! ,flight
Vol," Cependant, certaines réponses indiquent plusieurs aspects moins encourageants : l'abandon de la pratique de la Bénédiction eucharistique; la fermeture des églises pendant une grande partie de la journée, principalement par crainte des  vols/larceny.n.01 , ce qui empêche les fidèles de venir adorer le Saint Sacrement; l'emplacement du tabernacle dans des lieux isolés et mal valorisés, difficiles à identifier, en raison de quoi la plupart des fidèles qui entrent dans l'église ne s'aperçoivent pas de la présence du Saint Sacrement et renoncent à prier; la diminution de l'habitude de venir devant le Saint Sacrement pour prier et méditer; le manque d'une catéchèse qui enseigne la distinction entre la Sainte Messe et les autres célébrations liturgiques ou pratiques dévotionnelles; une vision trop individualiste de la Messe qui empêche d'apprécier dans sa juste mesure la dimension communautaire du sacrifice eucharistique. ",larceny
Vol," On va un peu moins vite quand même, puisque les  vols/flight.n.02 s'effectuent aux alentours de 95 km/h, ce qui est un peu en dessous d'un smash ",flight
Vol," Vultur ou Vaultour, ainsi nommé pour son  vol/flight.n.02 tardif et pour la grandeur de son corps, il n'a point vol hatif. ",flight
Vol," Vultur ou Vaultour, ainsi nommé pour son vol tardif et pour la grandeur de son corps, il n'a point  vol/flight.n.02 hatif. ",flight
Vol, Mais Jean Van Hamme va dynamiter cet apparent retour à la normale par une épidémie de morts inexplicables parmi les survivants du  vol/flight.n.02 CR 512. ,flight
Vol," Plus généralementÂ : toute dégradation volontaire ou  vol/larceny.n.01 exclut irrémédiablement le responsable, après remboursement des dégâts. ",larceny
Vol," Et nous, l'équipe de formation au  vol/flight.n.02 , nous vous promettons de faire de vous des Hommes Véritables dans le délai le plus court.18 ",flight
Vol," A Saint-Martin, nos prospections de l'été 1996 nous ont permis de découvrir cette espèce dans plusieurs stations de la Baie Orientale soit à environ 7,5 km à  vol/flight.n.02 d'oiseau de la seule localité connue précédemment (Powell et al., 1992). ",flight
Vol," Mais c'est une éolienne aéroportée qui a réalisé, début avril, son premier  vol/flight.n.02 test à Limestone, dans l'Etat du Maine, aux Etats-Unis.]]> http://eolien.kbplatform.com/article/2013/3/26/airbone-wind-turbine-eolienne-aeroportee/ 2013-03-26T11:51:34 http://eolien.kbplatform.com/article/2013/3/26/airbone-wind-turbine-eolienne-aeroportee/ Un nouveau système hybride éolien - énergie marémotrice La société japonaise MODEC a dévoilé une maquette d'un système hybride innovant lors de la Wind Expo qui s'est tenue du 27 février au 1er mars 2013 au centre de congrès Tokyo Big Sight.]]> http://eolien.kbplatform.com/article/2013/3/5/un-nouveau-systeme-hybride-eolien-energie-maremotrice/ 2013-03-05T10:38:54.86 http://eolien.kbplatform.com/article/2013/3/5/un-nouveau-systeme-hybride-eolien-energie-maremotrice/ Acciona Windpwower lance un nouveau rotor de 125 mètres. ",flight
Vol," Aurait-il été autorisé à empêcher le  vol/robbery.n.01 au moyen d'une pierre lancée sur le véhicule en croyant, comme n'importe qui d'autre, que la voiture appartenait aux voleurs ? ",robbery
Vol," En effet, le fait même d'avoir lancé la pierre sur la voiture du voleur pour l'empêcher de commettre le  vol/robbery.n.01 est un acte que chacun a l'obligation d'accomplir. ",robbery
Vol," Plusieurs suspects, accusés de multiples  vols/robbery.n.01 avec effractions, ont récemment été arrêtés et mis en examen. ",robbery
Vol," A la fin du mois, les locaux de l'ancien restaurant-hôtel Parc 23, situé aux Loges-en-Josas, ont été cambriolés à trois reprises, avec le  vol/larceny.n.01 de deux enceintes, trois vidéoprojecteurs, ... ",larceny
Vol," En 1950, des morceaux de films du  vol/flight.n.02 d'un V2 ont été utilisés pour le décollage et d'autres scénes de vol. Quand le producteur distributeur Wade Williams a obtenu les droits du film en 1970, il a remplacé toutes ces scénes par de nouvelles, utilisant une miniature du modéle original . ",flight
Vol," En finir avec les  vols/flight.n.02 intérieurs courts Extrait de Basta C'est le sens des propositions initiées par le député de La France insoumise François Ruffin [1] : supprimer les vols très courts quand le même voyage peut se faire en train en moins de cinq heures. "" Selon l'éco-calculateur de la direction de (...) ",flight
Vol," En finir avec les vols intérieurs courts Extrait de Basta C'est le sens des propositions initiées par le député de La France insoumise François Ruffin [1] : supprimer les  vols/flight.n.02 très courts quand le même voyage peut se faire en train en moins de cinq heures. "" Selon l'éco-calculateur de la direction de (...) ",flight
Vol," La fin est longue (pas le film, le  vol/flight.n.02 ) , on survole les caraïbes puis le Nord de l'Amérique du Sud, mon épaule blanche de pétales de pellicules, le doux bruissement du ronflement de ma ""Moyenne"". ",flight
Vol," On passe devant Angelina, les cheveux tirés, comme pendant tout le  vol/flight.n.02 , à 4 épingles. ",flight
Vol," Le  vol/flight.n.02 ne durant que 11h30 (sans escale) alors que je suis plus habituée au double, je n'ai dormi que 2/3 heures. ",flight
Vol," Quelques épisodes de Pingu, la météo, la carte de  vol/flight.n.02 , et voilà qu'on doit tout éteindre pour l'arrivée avec vu de l'avant de l'avion sur écran géant. ",flight
Vol," À l'aller, le 2 juillet 2017, sur le  vol/flight.n.02 ORLY-BCN VY8015, nous n'avons rencontré aucun problème: ce siège a été fait sur mesure par un orthoprothésiste d'après les instructions de #Vueling par téléphone. ",flight
Vol," Au retour, on nous annonce que le siège (qui est adapté uniquement aux dimensions du 1er rang, ce qui ne nous avait pas pas été précisé par téléphone) n'est pas accepté sur ce  vol/flight.n.02 de retour sous prétexte qu'il mettrait en danger la sécurité des autres passagers dans le cas d'une évacuation! (sic). ",flight
Vol," Même  vol/flight.n.02 , même compagnie aérienne! ",flight
Vol," Une autre idée serait alors de mettre une couche de virtualisation maison sous le binaire, qui attraperait en  vol/flight.n.02 les instructions read ou write tendancieuses : mais alors, pourquoi compiler en code machine ? (surtout à l'heure des CPUs huit-coeurs, même les ARM font peur maintenant...) C'est tout de même la meilleure manière de se tirer une balle dans le pieds ! ",flight
Vol," Muni de ton appareil photo, installe-toi aux côtés du pilote et direction le ciel pour un  vol/flight.n.02 initiatique ! ",flight
Vol, Votre pilote instructeur vous initiera aux joies du  vol/flight.n.02 en ULM pendulaire ou 3 axes ,flight
Vol," Le COL D' ESPLUCA RUEGO (2493 m) est un site remarquable à tous points de vue : - au-dessus de l'abîme on y domine l'ensemble du cirque de Barrosa, depuis le fond de celui-ci, 800 m plus bas, jusqu'au sommet du pic de La Munia dont l'arête est comporte un gros épaulement (le ""dôme"") qui le divise en deux parties : grande au sud, petite (""Barroseta"") au nord ; - c'est là que le chemin des mines, après le facile parcours du plateau, s'engage sur la vertigineuse corniche de la falaise sud du cirque pour traverser celui-ci jusqu'au port de Barroude qu'on voit au loin (à 3,5 km à  vol/flight.n.02 d'oiseau) ; on devine l'effroi qui devait saisir les hommes (et peut-être les mulets) au moment de se lancer dans cette traversée ; - enfin c'est là que se dévoile le mieux la structure géologique de la région : on est ici, sur la surface granitique du ""socle"", au pied de la falaise, taillée dans le calcaire dévonien, qui constitue le rebord sud-est de la nappe de charriage dite de Gavarnie, et s'élève à la verticale pour former le spectaculaire pain de sucre appelé pic (ou Punta) d'Espluca Ruego (2631 m.) (voir le schéma ci-contre, et la page Géologie de la corniche ) ",flight
Vol," A  vol/flight.n.02 d'oiseau la distance entre le col d'Espluca Ruego et le port de Barroude est de 3,5 km : il faut sans doute compter 5,5 km pour la traversée intégrale à pied (avec 290 m de dénivelé positif cumulé ; voir une carte et un profil dans une page spéciale), dont : - 3,5 pour aller du col d'Espluca Ruego au ""dôme"" (le gros épaulement sur l'arête est du pic de La Munia qui divise le cirque en deux : le ""grand"" (falaise sud et partie centrale) au sud, et le ""petit"" (dit Barroseta, dominé par la falaise nord) au nord ; - 2 pour traverser ce dernier, du ""dôme"" au port de Barroude. ",flight
Vol," Yvonne Jean-Haffren L'Île de Batz la procession, XXe siècle, aquarelle et crayon, maison de la Grande-Vigne (Dinan) Rien d'autre Ah si le cri nocturne de l'effraie le chant un peu futile de l'alouette et qui sait peut-être un  vol/flight.n.02 d'étourneaux au ras des... ",flight
Vol," le cas échéant, de la déclaration de perte ou de  vol/larceny.n.01 du passeport précédent. ",larceny
Vol," Je repars vers le haut, toujours tracé, (vers l'antécîme) tout se passe bien jusqu'à celle ci, au loin la Rosablanche me nargue, elle est au moins à 2 km à  vol/flight.n.02 d'Oiseau, comment peut on se planter comme ça, incroyable ! ",flight
Vol," Quand on les capte, au  vol/flight.n.02 , quand on les relit, au calme, certains mots donnent tant à penser, tant à travailler, quon apprend vite que cest là quil faut aller pour entendre des choses décisives. ",flight
Vol," Le matin, j'avais pointé au hasard mon index sur l'écran de mon ordinateur où la liste des  vols/flight.n.02 défilait. ",flight
Vol," Tous les documents vidéo, photos, les témoignages contredisent le fait que le  vol/flight.n.02 United Airlines 93 se soit écrasé près de Shanksville en Pennsylvanie le 11 septembre 2001. [suite] ",flight
Vol," Entre les joies de la glisse et la liberté du  vol/flight.n.02 , le speed riding offre des sensations uniques qui séduisent de plus en plus les bons skieurs. ",flight
Vol," Hien Amélie (2009) : "" le Burkina Faso : le pays des Hommes intègres "", dans Les Échos de l'ACPAS,  vol/flight.n.02 1, No1, février 2009, Sudbury, L'Association culturelle et professionnelle africaine de Sudbury, p. 17-19 ",flight
Vol," Hien Amélie (2009) :""Marguerite Mbonimpa : combativité et persévérance faites femme"", Les Échos de l'ACPAS,  vol/flight.n.02 1, No 1, Sudbury, L'Association culturelle et professionnelle africaine de Sudbury, p. 6-9. ",flight
Vol," Hien Amélie (2009) : "" Raoul Étongué-Mayer, un exemple de dévouement professionnel : enseignant dans deux continents "", Les Échos de l'ACPAS,  vol/flight.n.02 1, No 1, Sudbury, L'Association culturelle et professionnelle africaine de Sudbury, p. 14-16. ",flight
Vol, Une invitation à faire un  vol/flight.n.02 plané musical. ,flight
Vol," Après neuf millions de kilomètres et onze mille heures de  vol/flight.n.02 , François Suchel a "" ",flight
Vol," Tous nos instincts sont devenus terribles, toutes nos passions se sont déchaînées... Saisissez-les au  vol/flight.n.02 , et n'espérez pas en rencontrer ailleurs de plus pures et de plus désintéressées. ",flight
Vol," En attendant, c'est un  vol/flight.n.02 que vous faites aux royalistes ! ",flight
Vol," Et c'est parce que nous avons sévi contre les bandits qui continuent à exercer le  vol/robbery.n.01 et l'assassinat sur toutes les routes, que vous avez appelé l'étranger ici ? ",robbery
Vol, Tous les  vols/flight.n.02 ont été annulés bloquant plus de 150'000 voyageurs. ,flight
Vol," En dehors des tarifs élevés qui caractérisent les  vols/flight.n.02 inter-africains, les liaisons aériennes sont bien meilleures avec les pays de l'Europe et de l'Amérique du Nord. ",flight
Vol, China Southern choisit la plateforme Cassiopée Alpha de Safran pour l'analyse des données de  vol/flight.n.02 de sa flotte ,flight
Vol," Safran Electronics & Defense a signé un contrat avec China Southern Airlines Company Limited pour déployer Cassiopée Alpha, sa nouvelle plateforme logicielle de décodage et d'analyse des données de  vol/flight.n.02 , sur l'ensemble de sa flotte de plus de 600 avions. ",flight
Vol, Quelques petits  vols/larceny.n.01 et dégâts pendant le transport mais sans grande importance . ,larceny
Vol," Nous travaillons auprès des plus grandes marques comme Team Blacksheep, iFlight, Diatone, TrueRC et mettons à votre disposition une gamme complète de contrôleurs de  vol/flight.n.02 , de châssis, de moteurs pour que vous puissiez faire évoluer votre configuration pour toujours plus de puissance et de vitesse ! ",flight
Vol," Enfin, pour rendre votre expérience plus immersive, nous vous proposons tout le nécessaire pour vous exercer au  vol/flight.n.02 FPV : Lunettes, casques, émetteurs etc... ",flight
Vol," Formalités et démarches administratives - Avec l'assouplissement des mesures de confinement le 28 novembre, les déplacements dans un rayon de 20 km calculé "" à  vol/flight.n.02 d'oiseau "" sont autorisés. ",flight
Vol," Automobile - Transports - Afin de lutter contre les  vols/larceny.n.01 , la loi d'orientation des mobilités a instauré un marquage obligatoire pour les vélos vendus neufs par des professionnels à... ",larceny
Vol," Couplée à 8 GB de RAM, cette puce promet des performances de haut  vol/flight.n.02 tout en consommant 40% d'énergie en moins. ",flight
Vol, Bon nombre des grandes compagnies aériennes internationales offrent des  vols/flight.n.02 vers Moscou et Saint-Pétersbourg et certains villes régionales. ,flight
Vol," La concurrence est plutôt vive au sein de l'industrie aérienne russe, et beaucoup de compagnies offrent des  vols/flight.n.02 intérieurs et vers des destinations internationales. ",flight
Vol, Domodedovo est un aéroport moderne et efficace qui est desservi par de nombreux  vols/flight.n.02 intérieurs et internationaux. ,flight
Vol," Observer un ciel étoilé, contempler une fleur, admirer le  vol/flight.n.02 d'un papillon ou constater le retour des oiseaux au printemps, la nature nous fait du bien et nous émerveille. ",flight
Vol," En revanche, comme nous  vols/larceny.n.01 l'annoncions il y a maintenant plusieurs... Lire la suite → ",larceny
Vol," Outre le  vol/robbery.n.01 de noms d'utilisateurs et d'identifiants, la nouvelle version du Trojan tente toujours de voler des informations sur les cartes de crédit des utilisateurs. ",robbery
Vol, Salut Cela sent un peu le plagia ce système pour ne pas dire du  vol/larceny.n.01 http://www.forexpeacearmy.com/community ... als.23015/ Après je peux me tromper mais il existe un peu beaucoup la même chose en gratuit ,larceny
Vol," Exploration dans un monde ouvert et éléments d'action en temps réel : déplacement dans différents types de véhicules (voiture, train, deux roues, avions, motos de mer,  vol/flight.n.02 delta, etc.) choisis par le joueur pour mener à bien des missions ou pour explorer l'univers du jeu; agressions physiques et utilisation d'armes contre les personnes de son choix (simple citoyen ou autre gangster). ",flight
Vol," Pour que votre perruche reste heureuse et en bonne santé, et pour éviter que ses  vols/flight.n.02 ne se terminent par un atterrissage en catastrophe parce que son ventre la tire vers le bas, il est important de la nourrir de façon saine et variée. ",flight
Vol," Après une première édition de haut  vol/flight.n.02 , la jeune marque suisse se prépare au second lancement de l'une de ses dernières créations: une montre mécanique sans genre, aussi bien destinée aux hommes qu'aux femmes ",flight
Vol, pièce sonore Le  vol/flight.n.02 est inévitable. ,flight
Vol," Programme national de recensement des observations et Pelargos saison 2019 - Le requin pèlerin, un athlète de haut  vol/flight.n.02 ",flight
